date,ticker,variable,value
2018-01-02,AAPL,open,166.9271
2018-01-02,AMZN,open,1172.0
2018-01-02,FB,open,177.68
2018-01-02,GOOG,open,1048.34
2018-01-02,NFLX,open,196.1
2018-01-03,AAPL,open,169.2521
2018-01-03,AMZN,open,1188.3
2018-01-03,FB,open,181.88
2018-01-03,GOOG,open,1064.31
2018-01-03,NFLX,open,202.05
2018-01-04,AAPL,open,169.2619
2018-01-04,AMZN,open,1205.0
2018-01-04,FB,open,184.9
2018-01-04,GOOG,open,1088.0
2018-01-04,NFLX,open,206.2
2018-01-05,AAPL,open,170.1448
2018-01-05,AMZN,open,1217.51
2018-01-05,FB,open,185.59
2018-01-05,GOOG,open,1094.0
2018-01-05,NFLX,open,207.25
2018-01-08,AAPL,open,171.0375
2018-01-08,AMZN,open,1236.0
2018-01-08,FB,open,187.2
2018-01-08,GOOG,open,1102.23
2018-01-08,NFLX,open,210.02
2018-01-09,AAPL,open,171.2337
2018-01-09,AMZN,open,1256.9
2018-01-09,FB,open,188.7
2018-01-09,GOOG,open,1109.4
2018-01-09,NFLX,open,212.11
2018-01-10,AAPL,open,169.8701
2018-01-10,AMZN,open,1245.15
2018-01-10,FB,open,186.94
2018-01-10,GOOG,open,1097.1
2018-01-10,NFLX,open,207.57
2018-01-11,AAPL,open,171.2729
2018-01-11,AMZN,open,1259.74
2018-01-11,FB,open,188.4
2018-01-11,GOOG,open,1106.3
2018-01-11,NFLX,open,214.29
2018-01-12,AAPL,open,172.8327
2018-01-12,AMZN,open,1273.39
2018-01-12,FB,open,178.06
2018-01-12,GOOG,open,1102.41
2018-01-12,NFLX,open,217.18
2018-01-16,AAPL,open,174.52
2018-01-16,AMZN,open,1323.0
2018-01-16,FB,open,181.5
2018-01-16,GOOG,open,1132.51
2018-01-16,NFLX,open,224.24
2018-01-17,AAPL,open,172.8033
2018-01-17,AMZN,open,1312.24
2018-01-17,FB,open,179.26
2018-01-17,GOOG,open,1126.22
2018-01-17,NFLX,open,221.0
2018-01-18,AAPL,open,175.9621
2018-01-18,AMZN,open,1293.95
2018-01-18,FB,open,178.13
2018-01-18,GOOG,open,1131.41
2018-01-18,NFLX,open,220.34
2018-01-19,AAPL,open,175.2166
2018-01-19,AMZN,open,1312.0
2018-01-19,FB,open,180.85
2018-01-19,GOOG,open,1131.83
2018-01-19,NFLX,open,222.75
2018-01-22,AAPL,open,173.9314
2018-01-22,AMZN,open,1297.17
2018-01-22,FB,open,180.8
2018-01-22,GOOG,open,1137.49
2018-01-22,NFLX,open,222.0
2018-01-23,AAPL,open,173.9314
2018-01-23,AMZN,open,1338.09
2018-01-23,FB,open,186.05
2018-01-23,GOOG,open,1159.85
2018-01-23,NFLX,open,255.05
2018-01-24,AAPL,open,173.8824
2018-01-24,AMZN,open,1374.82
2018-01-24,FB,open,189.89
2018-01-24,GOOG,open,1177.33
2018-01-24,NFLX,open,250.88
2018-01-25,AAPL,open,171.1895
2018-01-25,AMZN,open,1368.0
2018-01-25,FB,open,187.95
2018-01-25,GOOG,open,1172.53
2018-01-25,NFLX,open,263.0
2018-01-26,AAPL,open,168.7321
2018-01-26,AMZN,open,1392.01
2018-01-26,FB,open,187.75
2018-01-26,GOOG,open,1175.08
2018-01-26,NFLX,open,271.485
2018-01-29,AAPL,open,166.9271
2018-01-29,AMZN,open,1409.18
2018-01-29,FB,open,188.75
2018-01-29,GOOG,open,1176.48
2018-01-29,NFLX,open,274.2
2018-01-30,AAPL,open,162.3802
2018-01-30,AMZN,open,1403.17
2018-01-30,FB,open,183.01
2018-01-30,GOOG,open,1167.83
2018-01-30,NFLX,open,277.0
2018-01-31,AAPL,open,163.6996
2018-01-31,AMZN,open,1451.3
2018-01-31,FB,open,188.37
2018-01-31,GOOG,open,1170.57
2018-01-31,NFLX,open,281.94
2018-02-01,AAPL,open,163.989
2018-02-01,AMZN,open,1445.0
2018-02-01,FB,open,188.22
2018-02-01,GOOG,open,1162.61
2018-02-01,NFLX,open,266.41
2018-02-02,AAPL,open,162.8461
2018-02-02,AMZN,open,1477.39
2018-02-02,FB,open,192.04
2018-02-02,GOOG,open,1122.0
2018-02-02,NFLX,open,263.0
2018-02-05,AAPL,open,156.0772
2018-02-05,AMZN,open,1402.62
2018-02-05,FB,open,186.93
2018-02-05,GOOG,open,1090.6
2018-02-05,NFLX,open,262.0
2018-02-06,AAPL,open,151.8884
2018-02-06,AMZN,open,1361.46
2018-02-06,FB,open,178.57
2018-02-06,GOOG,open,1027.18
2018-02-06,NFLX,open,247.7
2018-02-07,AAPL,open,159.9865
2018-02-07,AMZN,open,1449.0
2018-02-07,FB,open,184.15
2018-02-07,GOOG,open,1081.54
2018-02-07,NFLX,open,266.58
2018-02-08,AAPL,open,157.2446
2018-02-08,AMZN,open,1429.67
2018-02-08,FB,open,181.01
2018-02-08,GOOG,open,1055.41
2018-02-08,NFLX,open,267.08
2018-02-09,AAPL,open,154.7141
2018-02-09,AMZN,open,1373.49
2018-02-09,FB,open,174.76
2018-02-09,GOOG,open,1017.25
2018-02-09,NFLX,open,253.85
2018-02-12,AAPL,open,156.1226
2018-02-12,AMZN,open,1364.67
2018-02-12,FB,open,177.06
2018-02-12,GOOG,open,1048.0
2018-02-12,NFLX,open,252.14
2018-02-13,AAPL,open,159.5209
2018-02-13,AMZN,open,1385.93
2018-02-13,FB,open,175.62
2018-02-13,GOOG,open,1045.0
2018-02-13,NFLX,open,257.29
2018-02-14,AAPL,open,160.5995
2018-02-14,AMZN,open,1406.25
2018-02-14,FB,open,173.45
2018-02-14,GOOG,open,1048.95
2018-02-14,NFLX,open,260.47
2018-02-15,AAPL,open,167.2433
2018-02-15,AMZN,open,1466.89
2018-02-15,FB,open,180.5
2018-02-15,GOOG,open,1079.07
2018-02-15,NFLX,open,270.03
2018-02-16,AAPL,open,169.7748
2018-02-16,AMZN,open,1457.37
2018-02-16,FB,open,178.99
2018-02-16,GOOG,open,1088.41
2018-02-16,NFLX,open,278.73
2018-02-20,AAPL,open,169.4694
2018-02-20,AMZN,open,1446.49
2018-02-20,FB,open,175.77
2018-02-20,GOOG,open,1090.57
2018-02-20,NFLX,open,277.74
2018-02-21,AAPL,open,170.2377
2018-02-21,AMZN,open,1485.0
2018-02-21,FB,open,176.71
2018-02-21,GOOG,open,1106.47
2018-02-21,NFLX,open,282.07
2018-02-22,AAPL,open,169.2232
2018-02-22,AMZN,open,1495.36
2018-02-22,FB,open,178.7
2018-02-22,GOOG,open,1116.19
2018-02-22,NFLX,open,283.88
2018-02-23,AAPL,open,171.0651
2018-02-23,AMZN,open,1495.34
2018-02-23,FB,open,179.9
2018-02-23,GOOG,open,1112.64
2018-02-23,NFLX,open,281.0
2018-02-26,AAPL,open,173.7049
2018-02-26,AMZN,open,1509.2
2018-02-26,FB,open,184.58
2018-02-26,GOOG,open,1127.8
2018-02-26,NFLX,open,288.75
2018-02-27,AAPL,open,176.4137
2018-02-27,AMZN,open,1524.5
2018-02-27,FB,open,184.45
2018-02-27,GOOG,open,1141.24
2018-02-27,NFLX,open,294.77
2018-02-28,AAPL,open,176.5713
2018-02-28,AMZN,open,1519.51
2018-02-28,FB,open,182.3
2018-02-28,GOOG,open,1123.03
2018-02-28,NFLX,open,293.1
2018-03-01,AAPL,open,175.8621
2018-03-01,AMZN,open,1513.6
2018-03-01,FB,open,179.01
2018-03-01,GOOG,open,1107.87
2018-03-01,NFLX,open,292.75
2018-03-02,AAPL,open,170.2082
2018-03-02,AMZN,open,1469.1
2018-03-02,FB,open,173.29
2018-03-02,GOOG,open,1053.08
2018-03-02,NFLX,open,284.65
2018-03-05,AAPL,open,172.582
2018-03-05,AMZN,open,1494.24
2018-03-05,FB,open,176.2
2018-03-05,GOOG,open,1075.14
2018-03-05,NFLX,open,302.85
2018-03-06,AAPL,open,175.2415
2018-03-06,AMZN,open,1533.2
2018-03-06,FB,open,181.78
2018-03-06,GOOG,open,1099.22
2018-03-06,NFLX,open,319.88
2018-03-07,AAPL,open,172.3161
2018-03-07,AMZN,open,1526.52
2018-03-07,FB,open,178.74
2018-03-07,GOOG,open,1089.19
2018-03-07,NFLX,open,320.0
2018-03-08,AAPL,open,172.84799999999998
2018-03-08,AMZN,open,1550.0
2018-03-08,FB,open,183.56
2018-03-08,GOOG,open,1115.32
2018-03-08,NFLX,open,322.2
2018-03-09,AAPL,open,175.2908
2018-03-09,AMZN,open,1563.5
2018-03-09,FB,open,183.91
2018-03-09,GOOG,open,1136.0
2018-03-09,NFLX,open,321.33
2018-03-12,AAPL,open,177.5858
2018-03-12,AMZN,open,1592.6
2018-03-12,FB,open,185.23
2018-03-12,GOOG,open,1163.85
2018-03-12,NFLX,open,333.56
2018-03-13,AAPL,open,179.8513
2018-03-13,AMZN,open,1615.96
2018-03-13,FB,open,185.61
2018-03-13,GOOG,open,1170.0
2018-03-13,NFLX,open,323.87
2018-03-14,AAPL,open,177.6154
2018-03-14,AMZN,open,1597.0
2018-03-14,FB,open,182.6
2018-03-14,GOOG,open,1145.21
2018-03-14,NFLX,open,318.16
2018-03-15,AAPL,open,175.8227
2018-03-15,AMZN,open,1595.0
2018-03-15,FB,open,183.24
2018-03-15,GOOG,open,1149.96
2018-03-15,NFLX,open,323.17
2018-03-16,AAPL,open,175.9704
2018-03-16,AMZN,open,1583.45
2018-03-16,FB,open,184.49
2018-03-16,GOOG,open,1154.14
2018-03-16,NFLX,open,321.42
2018-03-19,AAPL,open,174.6604
2018-03-19,AMZN,open,1554.53
2018-03-19,FB,open,177.01
2018-03-19,GOOG,open,1120.01
2018-03-19,NFLX,open,315.8
2018-03-20,AAPL,open,172.6116
2018-03-20,AMZN,open,1550.34
2018-03-20,FB,open,167.47
2018-03-20,GOOG,open,1099.0
2018-03-20,NFLX,open,313.26
2018-03-21,AAPL,open,172.4146
2018-03-21,AMZN,open,1586.45
2018-03-21,FB,open,164.8
2018-03-21,GOOG,open,1092.74
2018-03-21,NFLX,open,316.35
2018-03-22,AAPL,open,167.4502
2018-03-22,AMZN,open,1565.47
2018-03-22,FB,open,166.13
2018-03-22,GOOG,open,1081.88
2018-03-22,NFLX,open,313.07
2018-03-23,AAPL,open,165.8643
2018-03-23,AMZN,open,1539.01
2018-03-23,FB,open,165.44
2018-03-23,GOOG,open,1047.03
2018-03-23,NFLX,open,307.41
2018-03-26,AAPL,open,165.5491
2018-03-26,AMZN,open,1530.0
2018-03-26,FB,open,160.82
2018-03-26,GOOG,open,1046.0
2018-03-26,NFLX,open,309.36
2018-03-27,AAPL,open,171.075
2018-03-27,AMZN,open,1572.4
2018-03-27,FB,open,156.31
2018-03-27,GOOG,open,1063.0
2018-03-27,NFLX,open,322.49
2018-03-28,AAPL,open,164.7414
2018-03-28,AMZN,open,1447.0
2018-03-28,FB,open,151.65
2018-03-28,GOOG,open,998.0
2018-03-28,NFLX,open,298.39
2018-03-29,AAPL,open,165.2881
2018-03-29,AMZN,open,1406.0
2018-03-29,FB,open,155.15
2018-03-29,GOOG,open,1011.63
2018-03-29,NFLX,open,287.0
2018-04-02,AAPL,open,165.362
2018-04-02,AMZN,open,1417.62
2018-04-02,FB,open,157.81
2018-04-02,GOOG,open,1022.82
2018-04-02,NFLX,open,291.94
2018-04-03,AAPL,open,165.1256
2018-04-03,AMZN,open,1391.38
2018-04-03,FB,open,156.55
2018-04-03,GOOG,open,1013.91
2018-04-03,NFLX,open,285.45
2018-04-04,AAPL,open,162.4069
2018-04-04,AMZN,open,1358.24
2018-04-04,FB,open,152.025
2018-04-04,GOOG,open,993.41
2018-04-04,NFLX,open,273.63
2018-04-05,AAPL,open,169.9915
2018-04-05,AMZN,open,1441.99
2018-04-05,FB,open,161.56
2018-04-05,GOOG,open,1041.33
2018-04-05,NFLX,open,293.15
2018-04-06,AAPL,open,168.4056
2018-04-06,AMZN,open,1429.97
2018-04-06,FB,open,157.73
2018-04-06,GOOG,open,1020.0
2018-04-06,NFLX,open,289.1
2018-04-09,AAPL,open,167.332
2018-04-09,AMZN,open,1425.03
2018-04-09,FB,open,157.82
2018-04-09,GOOG,open,1016.8
2018-04-09,NFLX,open,291.77
2018-04-10,AAPL,open,170.4052
2018-04-10,AMZN,open,1431.99
2018-04-10,FB,open,157.93
2018-04-10,GOOG,open,1026.44
2018-04-10,NFLX,open,297.68
2018-04-11,AAPL,open,169.6467
2018-04-11,AMZN,open,1439.44
2018-04-11,FB,open,165.36
2018-04-11,GOOG,open,1027.99
2018-04-11,NFLX,open,302.8847
2018-04-12,AAPL,open,170.80900000000003
2018-04-12,AMZN,open,1439.5
2018-04-12,FB,open,166.98
2018-04-12,GOOG,open,1025.04
2018-04-12,NFLX,open,309.7187
2018-04-13,AAPL,open,172.1585
2018-04-13,AMZN,open,1449.14
2018-04-13,FB,open,164.58
2018-04-13,GOOG,open,1040.88
2018-04-13,NFLX,open,317.29
2018-04-16,AAPL,open,172.4048
2018-04-16,AMZN,open,1445.0
2018-04-16,FB,open,165.7249
2018-04-16,GOOG,open,1037.0
2018-04-16,NFLX,open,315.99
2018-04-17,AAPL,open,173.8428
2018-04-17,AMZN,open,1462.3
2018-04-17,FB,open,165.83
2018-04-17,GOOG,open,1051.37
2018-04-17,NFLX,open,329.66
2018-04-18,AAPL,open,175.143
2018-04-18,AMZN,open,1514.65
2018-04-18,FB,open,166.88
2018-04-18,GOOG,open,1077.43
2018-04-18,NFLX,open,336.3
2018-04-19,AAPL,open,172.3259
2018-04-19,AMZN,open,1543.22
2018-04-19,FB,open,166.2
2018-04-19,GOOG,open,1069.4
2018-04-19,NFLX,open,332.88
2018-04-20,AAPL,open,168.0362
2018-04-20,AMZN,open,1561.2
2018-04-20,FB,open,167.79
2018-04-20,GOOG,open,1082.0
2018-04-20,NFLX,open,332.22
2018-04-23,AAPL,open,164.3324
2018-04-23,AMZN,open,1546.69
2018-04-23,FB,open,167.27
2018-04-23,GOOG,open,1077.86
2018-04-23,NFLX,open,329.1499
2018-04-24,AAPL,open,163.1851
2018-04-24,AMZN,open,1535.8
2018-04-24,FB,open,165.43
2018-04-24,GOOG,open,1052.0
2018-04-24,NFLX,open,319.2168
2018-04-25,AAPL,open,160.1808
2018-04-25,AMZN,open,1458.0
2018-04-25,FB,open,160.1448
2018-04-25,GOOG,open,1025.52
2018-04-25,NFLX,open,306.37
2018-04-26,AAPL,open,161.6583
2018-04-26,AMZN,open,1485.01
2018-04-26,FB,open,173.22
2018-04-26,GOOG,open,1029.51
2018-04-26,NFLX,open,310.0
2018-04-27,AAPL,open,161.5401
2018-04-27,AMZN,open,1634.01
2018-04-27,FB,open,176.81
2018-04-27,GOOG,open,1046.0
2018-04-27,NFLX,open,316.25
2018-04-30,AAPL,open,159.6984
2018-04-30,AMZN,open,1582.5
2018-04-30,FB,open,173.79
2018-04-30,GOOG,open,1030.01
2018-04-30,NFLX,open,311.07
2018-05-01,AAPL,open,163.9142
2018-05-01,AMZN,open,1563.22
2018-05-01,FB,open,172.0
2018-05-01,GOOG,open,1013.66
2018-05-01,NFLX,open,310.36
2018-05-02,AAPL,open,172.5968
2018-05-02,AMZN,open,1580.98
2018-05-02,FB,open,174.24599999999998
2018-05-02,GOOG,open,1028.1
2018-05-02,NFLX,open,311.65
2018-05-03,AAPL,open,173.24200000000002
2018-05-03,AMZN,open,1560.01
2018-05-03,FB,open,175.13
2018-05-03,GOOG,open,1019.0
2018-05-03,NFLX,open,312.59
2018-05-04,AAPL,open,175.5764
2018-05-04,AMZN,open,1562.45
2018-05-04,FB,open,173.08
2018-05-04,GOOG,open,1016.9
2018-05-04,NFLX,open,308.71
2018-05-07,AAPL,open,182.4025
2018-05-07,AMZN,open,1589.34
2018-05-07,FB,open,177.35
2018-05-07,GOOG,open,1049.23
2018-05-07,NFLX,open,321.9947
2018-05-08,AAPL,open,182.2153
2018-05-08,AMZN,open,1595.0
2018-05-08,FB,open,178.25
2018-05-08,GOOG,open,1058.54
2018-05-08,NFLX,open,325.9
2018-05-09,AAPL,open,183.7519
2018-05-09,AMZN,open,1600.0
2018-05-09,FB,open,179.67
2018-05-09,GOOG,open,1058.1
2018-05-09,NFLX,open,328.79
2018-05-10,AAPL,open,184.9241
2018-05-10,AMZN,open,1608.48
2018-05-10,FB,open,183.15
2018-05-10,GOOG,open,1086.03
2018-05-10,NFLX,open,331.5
2018-05-11,AAPL,open,187.3675
2018-05-11,AMZN,open,1610.99
2018-05-11,FB,open,184.85
2018-05-11,GOOG,open,1093.6
2018-05-11,NFLX,open,329.65
2018-05-14,AAPL,open,186.8929
2018-05-14,AMZN,open,1604.0
2018-05-14,FB,open,187.71
2018-05-14,GOOG,open,1100.0
2018-05-14,NFLX,open,327.25
2018-05-15,AAPL,open,184.6879
2018-05-15,AMZN,open,1587.8
2018-05-15,FB,open,184.88
2018-05-15,GOOG,open,1090.0
2018-05-15,NFLX,open,325.94
2018-05-16,AAPL,open,183.9858
2018-05-16,AMZN,open,1577.5
2018-05-16,FB,open,183.6952
2018-05-16,GOOG,open,1077.31
2018-05-16,NFLX,open,326.28
2018-05-17,AAPL,open,185.8942
2018-05-17,AMZN,open,1580.56
2018-05-17,FB,open,182.68
2018-05-17,GOOG,open,1079.89
2018-05-17,NFLX,open,327.53
2018-05-18,AAPL,open,185.0933
2018-05-18,AMZN,open,1581.33
2018-05-18,FB,open,183.49
2018-05-18,GOOG,open,1061.86
2018-05-18,NFLX,open,324.9
2018-05-21,AAPL,open,185.8942
2018-05-21,AMZN,open,1585.0
2018-05-21,FB,open,183.77
2018-05-21,GOOG,open,1074.06
2018-05-21,NFLX,open,327.11
2018-05-22,AAPL,open,186.265
2018-05-22,AMZN,open,1589.89
2018-05-22,FB,open,184.93
2018-05-22,GOOG,open,1083.56
2018-05-22,NFLX,open,334.05
2018-05-23,AAPL,open,184.2627
2018-05-23,AMZN,open,1571.05
2018-05-23,FB,open,182.5
2018-05-23,GOOG,open,1065.13
2018-05-23,NFLX,open,329.04
2018-05-24,AAPL,open,186.6556
2018-05-24,AMZN,open,1598.03
2018-05-24,FB,open,185.88
2018-05-24,GOOG,open,1079.0
2018-05-24,NFLX,open,344.34
2018-05-25,AAPL,open,186.1216
2018-05-25,AMZN,open,1603.0
2018-05-25,FB,open,186.02
2018-05-25,GOOG,open,1079.02
2018-05-25,NFLX,open,349.9
2018-05-29,AAPL,open,185.4987
2018-05-29,AMZN,open,1600.71
2018-05-29,FB,open,184.34
2018-05-29,GOOG,open,1064.89
2018-05-29,NFLX,open,351.5
2018-05-30,AAPL,open,185.6173
2018-05-30,AMZN,open,1618.1
2018-05-30,FB,open,186.54
2018-05-30,GOOG,open,1063.03
2018-05-30,NFLX,open,352.37
2018-05-31,AAPL,open,185.1229
2018-05-31,AMZN,open,1623.0
2018-05-31,FB,open,187.87
2018-05-31,GOOG,open,1067.56
2018-05-31,NFLX,open,353.8
2018-06-01,AAPL,open,185.8855
2018-06-01,AMZN,open,1637.03
2018-06-01,FB,open,193.065
2018-06-01,GOOG,open,1099.35
2018-06-01,NFLX,open,353.88
2018-06-04,AAPL,open,189.4885
2018-06-04,AMZN,open,1648.9
2018-06-04,FB,open,191.84
2018-06-04,GOOG,open,1122.33
2018-06-04,NFLX,open,362.6847
2018-06-05,AAPL,open,190.9025
2018-06-05,AMZN,open,1672.99
2018-06-05,FB,open,194.3
2018-06-05,GOOG,open,1140.99
2018-06-05,NFLX,open,363.32
2018-06-06,AAPL,open,191.4611
2018-06-06,AMZN,open,1704.51
2018-06-06,FB,open,191.0252
2018-06-06,GOOG,open,1142.17
2018-06-06,NFLX,open,367.7848
2018-06-07,AAPL,open,191.9654
2018-06-07,AMZN,open,1698.56
2018-06-07,FB,open,190.75
2018-06-07,GOOG,open,1131.32
2018-06-07,NFLX,open,368.54
2018-06-08,AAPL,open,189.0287
2018-06-08,AMZN,open,1681.12
2018-06-08,FB,open,187.53
2018-06-08,GOOG,open,1118.18
2018-06-08,NFLX,open,358.06
2018-06-11,AAPL,open,189.2067
2018-06-11,AMZN,open,1681.51
2018-06-11,FB,open,188.81
2018-06-11,GOOG,open,1118.6
2018-06-11,NFLX,open,361.88
2018-06-12,AAPL,open,189.2413
2018-06-12,AMZN,open,1693.0
2018-06-12,FB,open,192.17
2018-06-12,GOOG,open,1131.07
2018-06-12,NFLX,open,363.6
2018-06-13,AAPL,open,190.2647
2018-06-13,AMZN,open,1702.81
2018-06-13,FB,open,192.74
2018-06-13,GOOG,open,1141.12
2018-06-13,NFLX,open,367.53
2018-06-14,AAPL,open,189.4044
2018-06-14,AMZN,open,1713.48
2018-06-14,FB,open,193.1
2018-06-14,GOOG,open,1143.85
2018-06-14,NFLX,open,384.27
2018-06-15,AAPL,open,187.9015
2018-06-15,AMZN,open,1714.0
2018-06-15,FB,open,195.79
2018-06-15,GOOG,open,1148.86
2018-06-15,NFLX,open,390.71
2018-06-18,AAPL,open,185.7755
2018-06-18,AMZN,open,1706.26
2018-06-18,FB,open,194.8
2018-06-18,GOOG,open,1143.65
2018-06-18,NFLX,open,387.72
2018-06-19,AAPL,open,183.0662
2018-06-19,AMZN,open,1709.04
2018-06-19,FB,open,196.2352
2018-06-19,GOOG,open,1158.5
2018-06-19,NFLX,open,389.5
2018-06-20,AAPL,open,184.2627
2018-06-20,AMZN,open,1742.5
2018-06-20,FB,open,199.1
2018-06-20,GOOG,open,1175.31
2018-06-20,NFLX,open,415.15
2018-06-21,AAPL,open,185.1526
2018-06-21,AMZN,open,1760.0
2018-06-21,FB,open,202.76
2018-06-21,GOOG,open,1174.85
2018-06-21,NFLX,open,421.38
2018-06-22,AAPL,open,184.0352
2018-06-22,AMZN,open,1742.62
2018-06-22,FB,open,201.16
2018-06-22,GOOG,open,1159.14
2018-06-22,NFLX,open,419.98
2018-06-25,AAPL,open,181.3457
2018-06-25,AMZN,open,1702.51
2018-06-25,FB,open,200.0
2018-06-25,GOOG,open,1143.6
2018-06-25,NFLX,open,404.69
2018-06-26,AAPL,open,180.9403
2018-06-26,AMZN,open,1672.37
2018-06-26,FB,open,197.6
2018-06-26,GOOG,open,1128.0
2018-06-26,NFLX,open,393.28
2018-06-27,AAPL,open,183.153
2018-06-27,AMZN,open,1708.11
2018-06-27,FB,open,199.18
2018-06-27,GOOG,open,1121.34
2018-06-27,NFLX,open,407.56
2018-06-28,AAPL,open,182.0379
2018-06-28,AMZN,open,1672.54
2018-06-28,FB,open,195.18
2018-06-28,GOOG,open,1102.09
2018-06-28,NFLX,open,395.0
2018-06-29,AAPL,open,184.2033
2018-06-29,AMZN,open,1717.0
2018-06-29,FB,open,197.32
2018-06-29,GOOG,open,1120.0
2018-06-29,NFLX,open,399.19
2018-07-02,AAPL,open,181.761
2018-07-02,AMZN,open,1682.7
2018-07-02,FB,open,193.37
2018-07-02,GOOG,open,1099.0
2018-07-02,NFLX,open,385.45
2018-07-03,AAPL,open,185.6865
2018-07-03,AMZN,open,1723.96
2018-07-03,FB,open,194.55
2018-07-03,GOOG,open,1135.82
2018-07-03,NFLX,open,399.49
2018-07-05,AAPL,open,183.1849
2018-07-05,AMZN,open,1705.38
2018-07-05,FB,open,194.74
2018-07-05,GOOG,open,1110.53
2018-07-05,NFLX,open,393.8003
2018-07-06,AAPL,open,183.3431
2018-07-06,AMZN,open,1696.0
2018-07-06,FB,open,198.45
2018-07-06,GOOG,open,1123.58
2018-07-06,NFLX,open,397.45
2018-07-09,AAPL,open,187.3774
2018-07-09,AMZN,open,1724.05
2018-07-09,FB,open,204.93
2018-07-09,GOOG,open,1148.48
2018-07-09,NFLX,open,415.95
2018-07-10,AAPL,open,188.5738
2018-07-10,AMZN,open,1738.53
2018-07-10,FB,open,204.5
2018-07-10,GOOG,open,1156.98
2018-07-10,NFLX,open,417.24
2018-07-11,AAPL,open,186.3886
2018-07-11,AMZN,open,1737.99
2018-07-11,FB,open,202.22
2018-07-11,GOOG,open,1144.59
2018-07-11,NFLX,open,411.34
2018-07-12,AAPL,open,187.4071
2018-07-12,AMZN,open,1764.51
2018-07-12,FB,open,203.43
2018-07-12,GOOG,open,1159.89
2018-07-12,NFLX,open,415.1553
2018-07-13,AAPL,open,188.9397
2018-07-13,AMZN,open,1803.93
2018-07-13,FB,open,207.81
2018-07-13,GOOG,open,1185.0
2018-07-13,NFLX,open,409.19
2018-07-16,AAPL,open,189.3748
2018-07-16,AMZN,open,1821.95
2018-07-16,FB,open,207.5
2018-07-16,GOOG,open,1189.39
2018-07-16,NFLX,open,398.98
2018-07-17,AAPL,open,187.6246
2018-07-17,AMZN,open,1811.56
2018-07-17,FB,open,204.9
2018-07-17,GOOG,open,1172.22
2018-07-17,NFLX,open,346.95
2018-07-18,AAPL,open,189.6318
2018-07-18,AMZN,open,1848.0
2018-07-18,FB,open,209.82
2018-07-18,GOOG,open,1196.56
2018-07-18,NFLX,open,381.24
2018-07-19,AAPL,open,187.5653
2018-07-19,AMZN,open,1829.46
2018-07-19,FB,open,208.77
2018-07-19,GOOG,open,1191.0
2018-07-19,NFLX,open,371.06
2018-07-20,AAPL,open,189.6318
2018-07-20,AMZN,open,1825.01
2018-07-20,FB,open,208.85
2018-07-20,GOOG,open,1186.96
2018-07-20,NFLX,open,364.92
2018-07-23,AAPL,open,188.5442
2018-07-23,AMZN,open,1812.21
2018-07-23,FB,open,210.58
2018-07-23,GOOG,open,1181.01
2018-07-23,NFLX,open,359.1453
2018-07-24,AAPL,open,190.2943
2018-07-24,AMZN,open,1829.01
2018-07-24,FB,open,215.11
2018-07-24,GOOG,open,1262.59
2018-07-24,NFLX,open,366.94
2018-07-25,AAPL,open,190.8977
2018-07-25,AMZN,open,1829.3
2018-07-25,FB,open,215.715
2018-07-25,GOOG,open,1239.13
2018-07-25,NFLX,open,357.57
2018-07-26,AAPL,open,192.4301
2018-07-26,AMZN,open,1839.0
2018-07-26,FB,open,174.89
2018-07-26,GOOG,open,1251.0
2018-07-26,NFLX,open,358.19
2018-07-27,AAPL,open,192.8059
2018-07-27,AMZN,open,1876.05
2018-07-27,FB,open,179.87
2018-07-27,GOOG,open,1271.0
2018-07-27,NFLX,open,366.85
2018-07-30,AAPL,open,189.7505
2018-07-30,AMZN,open,1827.33
2018-07-30,FB,open,175.3
2018-07-30,GOOG,open,1228.01
2018-07-30,NFLX,open,351.93
2018-07-31,AAPL,open,188.1684
2018-07-31,AMZN,open,1786.49
2018-07-31,FB,open,170.67
2018-07-31,GOOG,open,1220.01
2018-07-31,NFLX,open,331.51
2018-08-01,AAPL,open,196.8995
2018-08-01,AMZN,open,1784.0
2018-08-01,FB,open,173.93
2018-08-01,GOOG,open,1228.0
2018-08-01,NFLX,open,335.87
2018-08-02,AAPL,open,198.3333
2018-08-02,AMZN,open,1788.77
2018-08-02,FB,open,170.68
2018-08-02,GOOG,open,1205.9
2018-08-02,NFLX,open,337.23
2018-08-03,AAPL,open,204.711
2018-08-03,AMZN,open,1837.74
2018-08-03,FB,open,177.69
2018-08-03,GOOG,open,1229.62
2018-08-03,NFLX,open,347.75
2018-08-06,AAPL,open,205.6702
2018-08-06,AMZN,open,1825.81
2018-08-06,FB,open,178.97
2018-08-06,GOOG,open,1225.0
2018-08-06,NFLX,open,342.8653
2018-08-07,AAPL,open,206.9754
2018-08-07,AMZN,open,1854.53
2018-08-07,FB,open,186.5
2018-08-07,GOOG,open,1237.0
2018-08-07,NFLX,open,353.23
2018-08-08,AAPL,open,203.742
2018-08-08,AMZN,open,1861.0
2018-08-08,FB,open,184.75
2018-08-08,GOOG,open,1240.47
2018-08-08,NFLX,open,352.21
2018-08-09,AAPL,open,204.9582
2018-08-09,AMZN,open,1882.0
2018-08-09,FB,open,185.8492
2018-08-09,GOOG,open,1249.9
2018-08-09,NFLX,open,347.96
2018-08-10,AAPL,open,205.7565
2018-08-10,AMZN,open,1888.51
2018-08-10,FB,open,182.04
2018-08-10,GOOG,open,1243.0
2018-08-10,NFLX,open,346.91
2018-08-13,AAPL,open,206.0938
2018-08-13,AMZN,open,1898.5
2018-08-13,FB,open,180.1
2018-08-13,GOOG,open,1236.98
2018-08-13,NFLX,open,339.89
2018-08-14,AAPL,open,208.5298
2018-08-14,AMZN,open,1919.39
2018-08-14,FB,open,180.71
2018-08-14,GOOG,open,1235.19
2018-08-14,NFLX,open,342.09
2018-08-15,AAPL,open,207.6021
2018-08-15,AMZN,open,1909.55
2018-08-15,FB,open,179.34
2018-08-15,GOOG,open,1229.26
2018-08-15,NFLX,open,334.03
2018-08-16,AAPL,open,210.1125
2018-08-16,AMZN,open,1903.94
2018-08-16,FB,open,180.42
2018-08-16,GOOG,open,1224.73
2018-08-16,NFLX,open,329.9
2018-08-17,AAPL,open,211.7894
2018-08-17,AMZN,open,1885.8
2018-08-17,FB,open,174.5
2018-08-17,GOOG,open,1202.03
2018-08-17,NFLX,open,319.01
2018-08-20,AAPL,open,216.4134
2018-08-20,AMZN,open,1890.57
2018-08-20,FB,open,174.04
2018-08-20,GOOG,open,1205.02
2018-08-20,NFLX,open,314.64
2018-08-21,AAPL,open,215.1235
2018-08-21,AMZN,open,1880.0
2018-08-21,FB,open,172.81
2018-08-21,GOOG,open,1208.0
2018-08-21,NFLX,open,331.0
2018-08-22,AAPL,open,212.4443
2018-08-22,AMZN,open,1876.64
2018-08-22,FB,open,172.21
2018-08-22,GOOG,open,1200.0
2018-08-22,NFLX,open,338.49
2018-08-23,AAPL,open,212.9901
2018-08-23,AMZN,open,1907.17
2018-08-23,FB,open,173.09
2018-08-23,GOOG,open,1207.14
2018-08-23,NFLX,open,348.11
2018-08-24,AAPL,open,214.925
2018-08-24,AMZN,open,1910.51
2018-08-24,FB,open,173.7
2018-08-24,GOOG,open,1208.82
2018-08-24,NFLX,open,346.0
2018-08-27,AAPL,open,215.4707
2018-08-27,AMZN,open,1915.0
2018-08-27,FB,open,175.99
2018-08-27,GOOG,open,1227.6
2018-08-27,NFLX,open,367.1453
2018-08-28,AAPL,open,217.3164
2018-08-28,AMZN,open,1937.73
2018-08-28,FB,open,178.1
2018-08-28,GOOG,open,1241.29
2018-08-28,NFLX,open,367.23
2018-08-29,AAPL,open,218.4475
2018-08-29,AMZN,open,1953.45
2018-08-29,FB,open,176.295
2018-08-29,GOOG,open,1237.45
2018-08-29,NFLX,open,367.2
2018-08-30,AAPL,open,221.5236
2018-08-30,AMZN,open,1997.42
2018-08-30,FB,open,175.9
2018-08-30,GOOG,open,1244.23
2018-08-30,NFLX,open,365.0
2018-08-31,AAPL,open,224.7584
2018-08-31,AMZN,open,2007.0
2018-08-31,FB,open,177.15
2018-08-31,GOOG,open,1234.98
2018-08-31,NFLX,open,370.66
2018-09-04,AAPL,open,226.6437
2018-09-04,AMZN,open,2026.5
2018-09-04,FB,open,173.5
2018-09-04,GOOG,open,1204.27
2018-09-04,NFLX,open,366.47
2018-09-05,AAPL,open,227.2192
2018-09-05,AMZN,open,2038.11
2018-09-05,FB,open,169.49
2018-09-05,GOOG,open,1193.8
2018-09-05,NFLX,open,360.0
2018-09-06,AAPL,open,224.4805
2018-09-06,AMZN,open,2006.51
2018-09-06,FB,open,166.98
2018-09-06,GOOG,open,1186.3
2018-09-06,NFLX,open,347.44
2018-09-07,AAPL,open,220.1344
2018-09-07,AMZN,open,1938.71
2018-09-07,FB,open,160.31
2018-09-07,GOOG,open,1158.67
2018-09-07,NFLX,open,342.2
2018-09-10,AAPL,open,219.2414
2018-09-10,AMZN,open,1971.0
2018-09-10,FB,open,163.51
2018-09-10,GOOG,open,1172.19
2018-09-10,NFLX,open,352.27
2018-09-11,AAPL,open,216.3241
2018-09-11,AMZN,open,1928.27
2018-09-11,FB,open,163.94
2018-09-11,GOOG,open,1161.63
2018-09-11,NFLX,open,344.67
2018-09-12,AAPL,open,223.2005
2018-09-12,AMZN,open,1994.0
2018-09-12,FB,open,163.25
2018-09-12,GOOG,open,1172.72
2018-09-12,NFLX,open,359.08
2018-09-13,AAPL,open,221.7915
2018-09-13,AMZN,open,2000.0
2018-09-13,FB,open,162.0
2018-09-13,GOOG,open,1170.74
2018-09-13,NFLX,open,371.91
2018-09-14,AAPL,open,224.0042
2018-09-14,AMZN,open,1992.93
2018-09-14,FB,open,161.715
2018-09-14,GOOG,open,1179.1
2018-09-14,NFLX,open,368.55
2018-09-17,AAPL,open,220.4321
2018-09-17,AMZN,open,1954.73
2018-09-17,FB,open,161.92
2018-09-17,GOOG,open,1170.14
2018-09-17,NFLX,open,364.22
2018-09-18,AAPL,open,216.1058
2018-09-18,AMZN,open,1918.65
2018-09-18,FB,open,159.39
2018-09-18,GOOG,open,1157.09
2018-09-18,NFLX,open,353.67
2018-09-19,AAPL,open,216.8103
2018-09-19,AMZN,open,1940.5
2018-09-19,FB,open,160.08
2018-09-19,GOOG,open,1164.98
2018-09-19,NFLX,open,373.95
2018-09-20,AAPL,open,218.5369
2018-09-20,AMZN,open,1938.58
2018-09-20,FB,open,164.5
2018-09-20,GOOG,open,1179.99
2018-09-20,NFLX,open,370.26
2018-09-21,AAPL,open,219.0727
2018-09-21,AMZN,open,1954.22
2018-09-21,FB,open,166.64
2018-09-21,GOOG,open,1192.0
2018-09-21,NFLX,open,366.59
2018-09-24,AAPL,open,215.1433
2018-09-24,AMZN,open,1903.79
2018-09-24,FB,open,161.03
2018-09-24,GOOG,open,1157.17
2018-09-24,NFLX,open,359.0
2018-09-25,AAPL,open,218.0506
2018-09-25,AMZN,open,1942.9
2018-09-25,FB,open,161.99
2018-09-25,GOOG,open,1176.15
2018-09-25,NFLX,open,370.23
2018-09-26,AAPL,open,219.291
2018-09-26,AMZN,open,1968.5
2018-09-26,FB,open,164.3
2018-09-26,GOOG,open,1185.15
2018-09-26,NFLX,open,373.59
2018-09-27,AAPL,open,222.0892
2018-09-27,AMZN,open,1993.24
2018-09-27,FB,open,167.55
2018-09-27,GOOG,open,1186.73
2018-09-27,NFLX,open,379.87
2018-09-28,AAPL,open,223.0517
2018-09-28,AMZN,open,2004.41
2018-09-28,FB,open,168.33
2018-09-28,GOOG,open,1191.87
2018-09-28,NFLX,open,379.24
2018-10-01,AAPL,open,226.1872
2018-10-01,AMZN,open,2021.99
2018-10-01,FB,open,163.03
2018-10-01,GOOG,open,1199.89
2018-10-01,NFLX,open,375.85
2018-10-02,AAPL,open,225.4926
2018-10-02,AMZN,open,1999.99
2018-10-02,FB,open,161.58
2018-10-02,GOOG,open,1190.96
2018-10-02,NFLX,open,384.38
2018-10-03,AAPL,open,228.271
2018-10-03,AMZN,open,1981.7
2018-10-03,FB,open,160.0
2018-10-03,GOOG,open,1205.0
2018-10-03,NFLX,open,378.53
2018-10-04,AAPL,open,228.9953
2018-10-04,AMZN,open,1949.0
2018-10-04,FB,open,161.46
2018-10-04,GOOG,open,1195.33
2018-10-04,NFLX,open,375.88
2018-10-05,AAPL,open,226.1972
2018-10-05,AMZN,open,1917.99
2018-10-05,FB,open,159.21
2018-10-05,GOOG,open,1167.5
2018-10-05,NFLX,open,359.77
2018-10-08,AAPL,open,220.4916
2018-10-08,AMZN,open,1874.0
2018-10-08,FB,open,155.54
2018-10-08,GOOG,open,1150.11
2018-10-08,NFLX,open,345.18
2018-10-09,AAPL,open,221.9106
2018-10-09,AMZN,open,1859.99
2018-10-09,FB,open,157.69
2018-10-09,GOOG,open,1146.15
2018-10-09,NFLX,open,348.48
2018-10-10,AAPL,open,223.7165
2018-10-10,AMZN,open,1857.89
2018-10-10,FB,open,156.82
2018-10-10,GOOG,open,1131.08
2018-10-10,NFLX,open,353.52
2018-10-11,AAPL,open,212.8611
2018-10-11,AMZN,open,1724.0
2018-10-11,FB,open,150.13
2018-10-11,GOOG,open,1072.94
2018-10-11,NFLX,open,324.94
2018-10-12,AAPL,open,218.7155
2018-10-12,AMZN,open,1808.0
2018-10-12,FB,open,156.73
2018-10-12,GOOG,open,1108.0
2018-10-12,NFLX,open,339.57
2018-10-15,AAPL,open,219.4497
2018-10-15,AMZN,open,1795.0
2018-10-15,FB,open,153.32
2018-10-15,GOOG,open,1108.91
2018-10-15,NFLX,open,337.63
2018-10-16,AAPL,open,217.237
2018-10-16,AMZN,open,1783.5
2018-10-16,FB,open,155.4
2018-10-16,GOOG,open,1104.59
2018-10-16,NFLX,open,337.24
2018-10-17,AAPL,open,220.5809
2018-10-17,AMZN,open,1842.79
2018-10-17,FB,open,159.56
2018-10-17,GOOG,open,1126.46
2018-10-17,NFLX,open,378.33
2018-10-18,AAPL,open,216.1753
2018-10-18,AMZN,open,1821.49
2018-10-18,FB,open,158.51
2018-10-18,GOOG,open,1121.84
2018-10-18,NFLX,open,360.673
2018-10-19,AAPL,open,216.3737
2018-10-19,AMZN,open,1785.16
2018-10-19,FB,open,155.86
2018-10-19,GOOG,open,1093.37
2018-10-19,NFLX,open,351.0
2018-10-22,AAPL,open,218.0903
2018-10-22,AMZN,open,1784.0
2018-10-22,FB,open,154.76
2018-10-22,GOOG,open,1103.06
2018-10-22,NFLX,open,333.1
2018-10-23,AAPL,open,214.161
2018-10-23,AMZN,open,1742.24
2018-10-23,FB,open,151.22
2018-10-23,GOOG,open,1080.89
2018-10-23,NFLX,open,318.0
2018-10-24,AAPL,open,220.8786
2018-10-24,AMZN,open,1773.7
2018-10-24,FB,open,154.28
2018-10-24,GOOG,open,1104.25
2018-10-24,NFLX,open,332.28
2018-10-25,AAPL,open,216.0264
2018-10-25,AMZN,open,1703.34
2018-10-25,FB,open,147.73
2018-10-25,GOOG,open,1071.79
2018-10-25,NFLX,open,307.12
2018-10-26,AAPL,open,214.2304
2018-10-26,AMZN,open,1649.59
2018-10-26,FB,open,145.82
2018-10-26,GOOG,open,1037.03
2018-10-26,NFLX,open,300.51
2018-10-29,AAPL,open,217.495
2018-10-29,AMZN,open,1660.0
2018-10-29,FB,open,148.5
2018-10-29,GOOG,open,1082.47
2018-10-29,NFLX,open,305.26
2018-10-30,AAPL,open,209.5171
2018-10-30,AMZN,open,1486.16
2018-10-30,FB,open,139.935
2018-10-30,GOOG,open,1008.46
2018-10-30,NFLX,open,275.57
2018-10-31,AAPL,open,215.2028
2018-10-31,AMZN,open,1569.99
2018-10-31,FB,open,155.0
2018-10-31,GOOG,open,1059.81
2018-10-31,NFLX,open,297.77
2018-11-01,AAPL,open,217.3561
2018-11-01,AMZN,open,1623.53
2018-11-01,FB,open,151.52
2018-11-01,GOOG,open,1075.8
2018-11-01,NFLX,open,304.59
2018-11-02,AAPL,open,207.9295
2018-11-02,AMZN,open,1678.59
2018-11-02,FB,open,151.8
2018-11-02,GOOG,open,1073.73
2018-11-02,NFLX,open,318.0
2018-11-05,AAPL,open,202.7201
2018-11-05,AMZN,open,1657.57
2018-11-05,FB,open,150.1
2018-11-05,GOOG,open,1055.0
2018-11-05,NFLX,open,311.1
2018-11-06,AAPL,open,200.3585
2018-11-06,AMZN,open,1618.35
2018-11-06,FB,open,149.31
2018-11-06,GOOG,open,1039.48
2018-11-06,NFLX,open,314.76
2018-11-07,AAPL,open,204.3772
2018-11-07,AMZN,open,1673.0
2018-11-07,FB,open,151.57
2018-11-07,GOOG,open,1069.0
2018-11-07,NFLX,open,312.9
2018-11-08,AAPL,open,209.0832
2018-11-08,AMZN,open,1755.0
2018-11-08,FB,open,150.49
2018-11-08,GOOG,open,1091.38
2018-11-08,NFLX,open,328.0
2018-11-09,AAPL,open,204.6721
2018-11-09,AMZN,open,1732.5
2018-11-09,FB,open,146.75
2018-11-09,GOOG,open,1073.99
2018-11-09,NFLX,open,311.07
2018-11-12,AAPL,open,198.1501
2018-11-12,AMZN,open,1698.24
2018-11-12,FB,open,144.48
2018-11-12,GOOG,open,1061.39
2018-11-12,NFLX,open,300.0
2018-11-13,AAPL,open,190.8115
2018-11-13,AMZN,open,1649.29
2018-11-13,FB,open,142.0
2018-11-13,GOOG,open,1043.29
2018-11-13,NFLX,open,295.0
2018-11-14,AAPL,open,193.0719
2018-11-14,AMZN,open,1656.32
2018-11-14,FB,open,143.7
2018-11-14,GOOG,open,1050.0
2018-11-14,NFLX,open,300.4
2018-11-15,AAPL,open,187.5854
2018-11-15,AMZN,open,1581.01
2018-11-15,FB,open,142.33
2018-11-15,GOOG,open,1044.71
2018-11-15,NFLX,open,285.51
2018-11-16,AAPL,open,189.6864
2018-11-16,AMZN,open,1587.5
2018-11-16,FB,open,141.07
2018-11-16,GOOG,open,1059.41
2018-11-16,NFLX,open,287.14
2018-11-19,AAPL,open,189.1885
2018-11-19,AMZN,open,1577.01
2018-11-19,FB,open,137.61
2018-11-19,GOOG,open,1057.2
2018-11-19,NFLX,open,283.79
2018-11-20,AAPL,open,177.6082
2018-11-20,AMZN,open,1437.5
2018-11-20,FB,open,127.03
2018-11-20,GOOG,open,1000.0
2018-11-20,NFLX,open,254.63
2018-11-21,AAPL,open,178.9624
2018-11-21,AMZN,open,1542.99
2018-11-21,FB,open,134.4
2018-11-21,GOOG,open,1036.76
2018-11-21,NFLX,open,274.42
2018-11-23,AAPL,open,174.1928
2018-11-23,AMZN,open,1517.0
2018-11-23,FB,open,133.65
2018-11-23,GOOG,open,1030.0
2018-11-23,NFLX,open,260.11
2018-11-26,AAPL,open,173.4958
2018-11-26,AMZN,open,1539.0
2018-11-26,FB,open,133.0
2018-11-26,GOOG,open,1038.35
2018-11-26,NFLX,open,260.55
2018-11-27,AAPL,open,170.7775
2018-11-27,AMZN,open,1575.99
2018-11-27,FB,open,135.75
2018-11-27,GOOG,open,1041.0
2018-11-27,NFLX,open,259.24
2018-11-28,AAPL,open,175.9752
2018-11-28,AMZN,open,1613.92
2018-11-28,FB,open,136.28
2018-11-28,GOOG,open,1048.76
2018-11-28,NFLX,open,271.98
2018-11-29,AAPL,open,181.8799
2018-11-29,AMZN,open,1674.99
2018-11-29,FB,open,135.92
2018-11-29,GOOG,open,1076.08
2018-11-29,NFLX,open,282.32
2018-11-30,AAPL,open,179.52
2018-11-30,AMZN,open,1679.5
2018-11-30,FB,open,138.26
2018-11-30,GOOG,open,1089.07
2018-11-30,NFLX,open,288.0
2018-12-03,AAPL,open,183.6722
2018-12-03,AMZN,open,1769.46
2018-12-03,FB,open,143.0
2018-12-03,GOOG,open,1123.14
2018-12-03,NFLX,open,293.19
2018-12-04,AAPL,open,180.1772
2018-12-04,AMZN,open,1756.0
2018-12-04,FB,open,140.73
2018-12-04,GOOG,open,1103.12
2018-12-04,NFLX,open,288.13
2018-12-06,AAPL,open,171.0264
2018-12-06,AMZN,open,1614.87
2018-12-06,FB,open,133.82
2018-12-06,GOOG,open,1034.26
2018-12-06,NFLX,open,268.33
2018-12-07,AAPL,open,172.74900000000002
2018-12-07,AMZN,open,1705.07
2018-12-07,FB,open,139.25
2018-12-07,GOOG,open,1060.01
2018-12-07,NFLX,open,282.48
2018-12-10,AAPL,open,164.2953
2018-12-10,AMZN,open,1623.84
2018-12-10,FB,open,139.6
2018-12-10,GOOG,open,1035.05
2018-12-10,NFLX,open,264.19
2018-12-11,AAPL,open,170.9268
2018-12-11,AMZN,open,1678.0
2018-12-11,FB,open,143.88
2018-12-11,GOOG,open,1056.49
2018-12-11,NFLX,open,274.08
2018-12-12,AAPL,open,169.6722
2018-12-12,AMZN,open,1669.0
2018-12-12,FB,open,143.08
2018-12-12,GOOG,open,1068.0
2018-12-12,NFLX,open,267.66
2018-12-13,AAPL,open,169.7618
2018-12-13,AMZN,open,1680.0
2018-12-13,FB,open,145.57
2018-12-13,GOOG,open,1068.07
2018-12-13,NFLX,open,277.64
2018-12-14,AAPL,open,168.2782
2018-12-14,AMZN,open,1638.0
2018-12-14,FB,open,143.34
2018-12-14,GOOG,open,1049.98
2018-12-14,NFLX,open,271.81
2018-12-17,AAPL,open,164.7434
2018-12-17,AMZN,open,1566.0
2018-12-17,FB,open,143.08
2018-12-17,GOOG,open,1037.51
2018-12-17,NFLX,open,266.51
2018-12-18,AAPL,open,164.6737
2018-12-18,AMZN,open,1540.0
2018-12-18,FB,open,141.08
2018-12-18,GOOG,open,1026.09
2018-12-18,NFLX,open,263.3
2018-12-19,AAPL,open,165.291
2018-12-19,AMZN,open,1543.05
2018-12-19,FB,open,141.21
2018-12-19,GOOG,open,1033.99
2018-12-19,NFLX,open,269.96
2018-12-20,AAPL,open,159.7149
2018-12-20,AMZN,open,1484.0
2018-12-20,FB,open,130.7
2018-12-20,GOOG,open,1018.13
2018-12-20,NFLX,open,264.64
2018-12-21,AAPL,open,156.1901
2018-12-21,AMZN,open,1464.99
2018-12-21,FB,open,133.39
2018-12-21,GOOG,open,1015.3
2018-12-21,NFLX,open,263.83
2018-12-24,AAPL,open,147.5173
2018-12-24,AMZN,open,1346.0
2018-12-24,FB,open,123.1
2018-12-24,GOOG,open,973.9
2018-12-24,NFLX,open,242.0
2018-12-26,AAPL,open,147.6666
2018-12-26,AMZN,open,1368.89
2018-12-26,FB,open,126.0
2018-12-26,GOOG,open,989.01
2018-12-26,NFLX,open,233.92
2018-12-27,AAPL,open,155.1744
2018-12-27,AMZN,open,1454.2
2018-12-27,FB,open,132.44
2018-12-27,GOOG,open,1017.15
2018-12-27,NFLX,open,250.11
2018-12-28,AAPL,open,156.8273
2018-12-28,AMZN,open,1473.35
2018-12-28,FB,open,135.34
2018-12-28,GOOG,open,1049.62
2018-12-28,NFLX,open,257.94
2018-12-31,AAPL,open,157.8529
2018-12-31,AMZN,open,1510.8
2018-12-31,FB,open,134.45
2018-12-31,GOOG,open,1050.96
2018-12-31,NFLX,open,260.16
2018-01-02,AAPL,high,169.0264
2018-01-02,AMZN,high,1190.0
2018-01-02,FB,high,181.58
2018-01-02,GOOG,high,1066.94
2018-01-02,NFLX,high,201.65
2018-01-03,AAPL,high,171.2337
2018-01-03,AMZN,high,1205.49
2018-01-03,FB,high,184.78
2018-01-03,GOOG,high,1086.29
2018-01-03,NFLX,high,206.21
2018-01-04,AAPL,high,170.1742
2018-01-04,AMZN,high,1215.87
2018-01-04,FB,high,186.21
2018-01-04,GOOG,high,1093.57
2018-01-04,NFLX,high,207.05
2018-01-05,AAPL,high,172.0381
2018-01-05,AMZN,high,1229.14
2018-01-05,FB,high,186.9
2018-01-05,GOOG,high,1104.25
2018-01-05,NFLX,high,210.02
2018-01-08,AAPL,high,172.2736
2018-01-08,AMZN,high,1253.08
2018-01-08,FB,high,188.9
2018-01-08,GOOG,high,1111.27
2018-01-08,NFLX,high,212.5
2018-01-09,AAPL,high,171.734
2018-01-09,AMZN,high,1259.33
2018-01-09,FB,high,188.8
2018-01-09,GOOG,high,1110.57
2018-01-09,NFLX,high,212.98
2018-01-10,AAPL,high,170.9884
2018-01-10,AMZN,high,1254.33
2018-01-10,FB,high,187.89
2018-01-10,GOOG,high,1104.6
2018-01-10,NFLX,high,213.64
2018-01-11,AAPL,high,172.1545
2018-01-11,AMZN,high,1276.77
2018-01-11,FB,high,188.4
2018-01-11,GOOG,high,1106.53
2018-01-11,NFLX,high,217.75
2018-01-12,AAPL,high,173.9903
2018-01-12,AMZN,high,1305.76
2018-01-12,FB,high,181.48
2018-01-12,GOOG,high,1124.29
2018-01-12,NFLX,high,222.55
2018-01-16,AAPL,high,175.9817
2018-01-16,AMZN,high,1339.94
2018-01-16,FB,high,181.75
2018-01-16,GOOG,high,1139.91
2018-01-16,NFLX,high,226.07
2018-01-17,AAPL,high,175.8444
2018-01-17,AMZN,high,1314.0
2018-01-17,FB,high,179.32
2018-01-17,GOOG,high,1132.6
2018-01-17,NFLX,high,221.15
2018-01-18,AAPL,high,176.6782
2018-01-18,AMZN,high,1304.6
2018-01-18,FB,high,180.98
2018-01-18,GOOG,high,1132.51
2018-01-18,NFLX,high,220.58
2018-01-19,AAPL,high,176.1681
2018-01-19,AMZN,high,1313.0
2018-01-19,FB,high,182.37
2018-01-19,GOOG,high,1137.86
2018-01-19,NFLX,high,223.49
2018-01-22,AAPL,high,174.4023
2018-01-22,AMZN,high,1327.45
2018-01-22,FB,high,185.39
2018-01-22,GOOG,high,1159.88
2018-01-22,NFLX,high,227.785
2018-01-23,AAPL,high,176.0308
2018-01-23,AMZN,high,1364.9
2018-01-23,FB,high,189.55
2018-01-23,GOOG,high,1171.63
2018-01-23,NFLX,high,257.71
2018-01-24,AAPL,high,173.9314
2018-01-24,AMZN,high,1388.16
2018-01-24,FB,high,190.66
2018-01-24,GOOG,high,1179.86
2018-01-24,NFLX,high,261.71
2018-01-25,AAPL,high,171.6261
2018-01-25,AMZN,high,1378.34
2018-01-25,FB,high,188.62
2018-01-25,GOOG,high,1175.94
2018-01-25,NFLX,high,272.3
2018-01-26,AAPL,high,168.7321
2018-01-26,AMZN,high,1402.53
2018-01-26,FB,high,190.0
2018-01-26,GOOG,high,1175.84
2018-01-26,NFLX,high,274.6
2018-01-29,AAPL,high,166.9271
2018-01-29,AMZN,high,1431.39
2018-01-29,FB,high,188.84
2018-01-29,GOOG,high,1186.89
2018-01-29,NFLX,high,286.81
2018-01-30,AAPL,high,164.1901
2018-01-30,AMZN,high,1439.25
2018-01-30,FB,high,188.18
2018-01-30,GOOG,high,1176.52
2018-01-30,NFLX,high,282.73
2018-01-31,AAPL,high,165.2414
2018-01-31,AMZN,high,1472.58
2018-01-31,FB,high,189.83
2018-01-31,GOOG,high,1173.0
2018-01-31,NFLX,high,282.289
2018-02-01,AAPL,high,165.4164
2018-02-01,AMZN,high,1459.88
2018-02-01,FB,high,195.32
2018-02-01,GOOG,high,1174.0
2018-02-01,NFLX,high,271.95
2018-02-02,AAPL,high,163.6309
2018-02-02,AMZN,high,1498.0
2018-02-02,FB,high,194.21
2018-02-02,GOOG,high,1123.07
2018-02-02,NFLX,high,270.62
2018-02-05,AAPL,high,160.7664
2018-02-05,AMZN,high,1458.98
2018-02-05,FB,high,190.61
2018-02-05,GOOG,high,1110.0
2018-02-05,NFLX,high,267.899
2018-02-06,AAPL,high,160.6095
2018-02-06,AMZN,high,1443.99
2018-02-06,FB,high,185.77
2018-02-06,GOOG,high,1081.71
2018-02-06,NFLX,high,266.7
2018-02-07,AAPL,high,160.2955
2018-02-07,AMZN,high,1460.99
2018-02-07,FB,high,185.0817
2018-02-07,GOOG,high,1081.78
2018-02-07,NFLX,high,272.45
2018-02-08,AAPL,high,157.9411
2018-02-08,AMZN,high,1433.75
2018-02-08,FB,high,181.84
2018-02-08,GOOG,high,1058.62
2018-02-08,NFLX,high,267.62
2018-02-09,AAPL,high,155.5218
2018-02-09,AMZN,high,1383.5
2018-02-09,FB,high,176.9
2018-02-09,GOOG,high,1043.97
2018-02-09,NFLX,high,255.7999
2018-02-12,AAPL,high,161.4318
2018-02-12,AMZN,high,1393.81
2018-02-12,FB,high,177.545
2018-02-12,GOOG,high,1061.5
2018-02-12,NFLX,high,259.15
2018-02-13,AAPL,high,162.2789
2018-02-13,AMZN,high,1419.72
2018-02-13,FB,high,175.97
2018-02-13,GOOG,high,1058.37
2018-02-13,NFLX,high,261.41
2018-02-14,AAPL,high,165.0271
2018-02-14,AMZN,high,1452.06
2018-02-14,FB,high,179.81
2018-02-14,GOOG,high,1071.72
2018-02-14,NFLX,high,269.88
2018-02-15,AAPL,high,170.4938
2018-02-15,AMZN,high,1468.94
2018-02-15,FB,high,180.5
2018-02-15,GOOG,high,1091.48
2018-02-15,NFLX,high,280.5
2018-02-16,AAPL,high,172.1979
2018-02-16,AMZN,high,1465.8
2018-02-16,FB,high,179.88
2018-02-16,GOOG,high,1104.67
2018-02-16,NFLX,high,281.96
2018-02-20,AAPL,high,171.6463
2018-02-20,AMZN,high,1488.77
2018-02-20,FB,high,177.95
2018-02-20,GOOG,high,1113.95
2018-02-20,NFLX,high,285.812
2018-02-21,AAPL,high,171.5084
2018-02-21,AMZN,high,1503.49
2018-02-21,FB,high,181.27
2018-02-21,GOOG,high,1133.97
2018-02-21,NFLX,high,286.64
2018-02-22,AAPL,high,171.3409
2018-02-22,AMZN,high,1502.54
2018-02-22,FB,high,180.21
2018-02-22,GOOG,high,1122.82
2018-02-22,NFLX,high,284.5
2018-02-23,AAPL,high,173.0154
2018-02-23,AMZN,high,1500.0
2018-02-23,FB,high,183.39
2018-02-23,GOOG,high,1127.28
2018-02-23,NFLX,high,286.0
2018-02-26,AAPL,high,176.6993
2018-02-26,AMZN,high,1522.84
2018-02-26,FB,high,185.66
2018-02-26,GOOG,high,1143.96
2018-02-26,NFLX,high,295.6475
2018-02-27,AAPL,high,177.773
2018-02-27,AMZN,high,1526.78
2018-02-27,FB,high,184.7
2018-02-27,GOOG,high,1144.04
2018-02-27,NFLX,high,297.36
2018-02-28,AAPL,high,177.9059
2018-02-28,AMZN,high,1528.7
2018-02-28,FB,high,182.88
2018-02-28,GOOG,high,1127.53
2018-02-28,NFLX,high,295.75
2018-03-01,AAPL,high,177.0785
2018-03-01,AMZN,high,1518.49
2018-03-01,FB,high,180.12
2018-03-01,GOOG,high,1110.12
2018-03-01,NFLX,high,295.25
2018-03-02,AAPL,high,173.6557
2018-03-02,AMZN,high,1501.05
2018-03-02,FB,high,177.11
2018-03-02,GOOG,high,1082.0
2018-03-02,NFLX,high,301.18
2018-03-05,AAPL,high,175.0741
2018-03-05,AMZN,high,1525.38
2018-03-05,FB,high,181.1475
2018-03-05,GOOG,high,1097.1
2018-03-05,NFLX,high,316.91
2018-03-06,AAPL,high,175.5764
2018-03-06,AMZN,high,1542.13
2018-03-06,FB,high,182.38
2018-03-06,GOOG,high,1101.85
2018-03-06,NFLX,high,325.79
2018-03-07,AAPL,high,173.2124
2018-03-07,AMZN,high,1545.9
2018-03-07,FB,high,183.82
2018-03-07,GOOG,high,1112.22
2018-03-07,NFLX,high,323.74
2018-03-08,AAPL,high,174.4634
2018-03-08,AMZN,high,1554.88
2018-03-08,FB,high,184.4
2018-03-08,GOOG,high,1127.6
2018-03-08,NFLX,high,322.9176
2018-03-09,AAPL,high,177.3002
2018-03-09,AMZN,high,1578.94
2018-03-09,FB,high,185.51
2018-03-09,GOOG,high,1160.8
2018-03-09,NFLX,high,331.44
2018-03-12,AAPL,high,179.6543
2018-03-12,AMZN,high,1605.33
2018-03-12,FB,high,186.1
2018-03-12,GOOG,high,1177.05
2018-03-12,NFLX,high,333.98
2018-03-13,AAPL,high,180.7477
2018-03-13,AMZN,high,1617.54
2018-03-13,FB,high,185.99
2018-03-13,GOOG,high,1176.76
2018-03-13,NFLX,high,325.8409
2018-03-14,AAPL,high,177.8124
2018-03-14,AMZN,high,1606.44
2018-03-14,FB,high,184.25
2018-03-14,GOOG,high,1158.59
2018-03-14,NFLX,high,323.88
2018-03-15,AAPL,high,177.5366
2018-03-15,AMZN,high,1596.91
2018-03-15,FB,high,184.0
2018-03-15,GOOG,high,1161.08
2018-03-15,NFLX,high,323.4
2018-03-16,AAPL,high,176.4334
2018-03-16,AMZN,high,1589.44
2018-03-16,FB,high,185.33
2018-03-16,GOOG,high,1155.88
2018-03-16,NFLX,high,324.11
2018-03-19,AAPL,high,174.8081
2018-03-19,AMZN,high,1561.66
2018-03-19,FB,high,177.17
2018-03-19,GOOG,high,1121.99
2018-03-19,NFLX,high,317.0
2018-03-20,AAPL,high,174.1482
2018-03-20,AMZN,high,1587.0
2018-03-20,FB,high,170.2
2018-03-20,GOOG,high,1105.2
2018-03-20,NFLX,high,319.5
2018-03-21,AAPL,high,172.4638
2018-03-21,AMZN,high,1590.0
2018-03-21,FB,high,173.4
2018-03-21,GOOG,high,1106.3
2018-03-21,NFLX,high,319.4
2018-03-22,AAPL,high,170.09
2018-03-22,AMZN,high,1573.85
2018-03-22,FB,high,170.27
2018-03-22,GOOG,high,1082.9
2018-03-22,NFLX,high,314.12
2018-03-23,AAPL,high,167.3714
2018-03-23,AMZN,high,1549.02
2018-03-23,FB,high,167.1
2018-03-23,GOOG,high,1063.36
2018-03-23,NFLX,high,310.73
2018-03-26,AAPL,high,170.5037
2018-03-26,AMZN,high,1556.99
2018-03-26,FB,high,161.1
2018-03-26,GOOG,high,1055.63
2018-03-26,NFLX,high,321.03
2018-03-27,AAPL,high,172.5229
2018-03-27,AMZN,high,1575.96
2018-03-27,FB,high,162.85
2018-03-27,GOOG,high,1064.84
2018-03-27,NFLX,high,322.9
2018-03-28,AAPL,high,167.4699
2018-03-28,AMZN,high,1455.9
2018-03-28,FB,high,155.88
2018-03-28,GOOG,high,1024.23
2018-03-28,NFLX,high,298.8
2018-03-29,AAPL,high,169.1739
2018-03-29,AMZN,high,1455.47
2018-03-29,FB,high,161.42
2018-03-29,GOOG,high,1043.0
2018-03-29,NFLX,high,295.35
2018-04-02,AAPL,high,166.4061
2018-04-02,AMZN,high,1421.36
2018-04-02,FB,high,159.2
2018-04-02,GOOG,high,1034.8
2018-04-02,NFLX,high,292.87
2018-04-03,AAPL,high,166.2145
2018-04-03,AMZN,high,1414.0
2018-04-03,FB,high,157.39
2018-04-03,GOOG,high,1020.99
2018-04-03,NFLX,high,291.25
2018-04-04,AAPL,high,169.43
2018-04-04,AMZN,high,1415.39
2018-04-04,FB,high,155.56
2018-04-04,GOOG,high,1028.72
2018-04-04,NFLX,high,290.31
2018-04-05,AAPL,high,171.6171
2018-04-05,AMZN,high,1459.56
2018-04-05,FB,high,161.575
2018-04-05,GOOG,high,1042.79
2018-04-05,NFLX,high,299.16
2018-04-06,AAPL,high,169.893
2018-04-06,AMZN,high,1452.5
2018-04-06,FB,high,161.42
2018-04-06,GOOG,high,1031.42
2018-04-06,NFLX,high,298.85
2018-04-09,AAPL,high,170.4938
2018-04-09,AMZN,high,1438.48
2018-04-09,FB,high,160.53
2018-04-09,GOOG,high,1039.6
2018-04-09,NFLX,high,299.55
2018-04-10,AAPL,high,171.3902
2018-04-10,AMZN,high,1438.38
2018-04-10,FB,high,165.98
2018-04-10,GOOG,high,1036.28
2018-04-10,NFLX,high,298.95
2018-04-11,AAPL,high,171.3145
2018-04-11,AMZN,high,1448.78
2018-04-11,FB,high,168.65
2018-04-11,GOOG,high,1031.36
2018-04-11,NFLX,high,311.64
2018-04-12,AAPL,high,172.3752
2018-04-12,AMZN,high,1452.12
2018-04-12,FB,high,167.45
2018-04-12,GOOG,high,1040.69
2018-04-12,NFLX,high,311.13
2018-04-13,AAPL,high,173.2026
2018-04-13,AMZN,high,1459.78
2018-04-13,FB,high,165.7036
2018-04-13,GOOG,high,1046.42
2018-04-13,NFLX,high,317.49
2018-04-16,AAPL,high,173.5473
2018-04-16,AMZN,high,1447.0
2018-04-16,FB,high,165.78
2018-04-16,GOOG,high,1043.24
2018-04-16,NFLX,high,316.1
2018-04-17,AAPL,high,176.2526
2018-04-17,AMZN,high,1507.19
2018-04-17,FB,high,169.0
2018-04-17,GOOG,high,1077.88
2018-04-17,NFLX,high,338.62
2018-04-18,AAPL,high,176.1379
2018-04-18,AMZN,high,1533.8
2018-04-18,FB,high,168.12
2018-04-18,GOOG,high,1077.43
2018-04-18,NFLX,high,338.82
2018-04-19,AAPL,high,172.7593
2018-04-19,AMZN,high,1568.52
2018-04-19,FB,high,168.33
2018-04-19,GOOG,high,1094.16
2018-04-19,NFLX,high,335.31
2018-04-20,AAPL,high,168.6503
2018-04-20,AMZN,high,1561.2
2018-04-20,FB,high,168.43
2018-04-20,GOOG,high,1092.35
2018-04-20,NFLX,high,336.51
2018-04-23,AAPL,high,164.4163
2018-04-23,AMZN,high,1548.0
2018-04-23,FB,high,168.45
2018-04-23,GOOG,high,1082.72
2018-04-23,NFLX,high,331.22
2018-04-24,AAPL,high,163.8352
2018-04-24,AMZN,high,1539.5
2018-04-24,FB,high,166.1
2018-04-24,GOOG,high,1057.0
2018-04-24,NFLX,high,320.249
2018-04-25,AAPL,high,162.9388
2018-04-25,AMZN,high,1469.99
2018-04-25,FB,high,161.06
2018-04-25,GOOG,high,1032.49
2018-04-25,NFLX,high,309.98
2018-04-26,AAPL,high,163.2442
2018-04-26,AMZN,high,1529.42
2018-04-26,FB,high,176.27
2018-04-26,GOOG,high,1047.98
2018-04-26,NFLX,high,316.63
2018-04-27,AAPL,high,161.8652
2018-04-27,AMZN,high,1638.1
2018-04-27,FB,high,177.1
2018-04-27,GOOG,high,1049.5
2018-04-27,NFLX,high,317.45
2018-04-30,AAPL,high,164.7513
2018-04-30,AMZN,high,1596.0
2018-04-30,FB,high,175.72
2018-04-30,GOOG,high,1037.0
2018-04-30,NFLX,high,317.88
2018-05-01,AAPL,high,166.6622
2018-05-01,AMZN,high,1585.0
2018-05-01,FB,high,174.02
2018-05-01,GOOG,high,1038.47
2018-05-01,NFLX,high,313.48
2018-05-02,AAPL,high,175.0839
2018-05-02,AMZN,high,1588.5
2018-05-02,FB,high,178.08
2018-05-02,GOOG,high,1040.39
2018-05-02,NFLX,high,317.1
2018-05-03,AAPL,high,174.8377
2018-05-03,AMZN,high,1574.8
2018-05-03,FB,high,176.12
2018-05-03,GOOG,high,1029.67
2018-05-03,NFLX,high,312.59
2018-05-04,AAPL,high,181.4864
2018-05-04,AMZN,high,1584.9
2018-05-04,FB,high,176.98
2018-05-04,GOOG,high,1048.51
2018-05-04,NFLX,high,320.98
2018-05-07,AAPL,high,184.8551
2018-05-07,AMZN,high,1606.95
2018-05-07,FB,high,179.5
2018-05-07,GOOG,high,1061.68
2018-05-07,NFLX,high,329.0234
2018-05-08,AAPL,high,183.4269
2018-05-08,AMZN,high,1596.88
2018-05-08,FB,high,179.04
2018-05-08,GOOG,high,1060.55
2018-05-08,NFLX,high,327.348
2018-05-09,AAPL,high,184.5892
2018-05-09,AMZN,high,1608.0
2018-05-09,FB,high,183.01
2018-05-09,GOOG,high,1085.44
2018-05-09,NFLX,high,331.95
2018-05-10,AAPL,high,187.5146
2018-05-10,AMZN,high,1615.6
2018-05-10,FB,high,186.1292
2018-05-10,GOOG,high,1100.44
2018-05-10,NFLX,high,332.055
2018-05-11,AAPL,high,187.9311
2018-05-11,AMZN,high,1611.1
2018-05-11,FB,high,188.32
2018-05-11,GOOG,high,1101.33
2018-05-11,NFLX,high,331.26
2018-05-14,AAPL,high,187.4071
2018-05-14,AMZN,high,1611.18
2018-05-14,FB,high,187.86
2018-05-14,GOOG,high,1110.75
2018-05-14,NFLX,high,330.5038
2018-05-15,AAPL,high,184.9746
2018-05-15,AMZN,high,1587.8
2018-05-15,FB,high,185.29
2018-05-15,GOOG,high,1090.05
2018-05-15,NFLX,high,326.94
2018-05-16,AAPL,high,186.349
2018-05-16,AMZN,high,1594.43
2018-05-16,FB,high,184.32
2018-05-16,GOOG,high,1089.27
2018-05-16,NFLX,high,329.72
2018-05-17,AAPL,high,186.794
2018-05-17,AMZN,high,1594.04
2018-05-17,FB,high,184.06
2018-05-17,GOOG,high,1086.87
2018-05-17,NFLX,high,330.45
2018-05-18,AAPL,high,185.7065
2018-05-18,AMZN,high,1583.59
2018-05-18,FB,high,184.19
2018-05-18,GOOG,high,1069.94
2018-05-18,NFLX,high,326.42
2018-05-21,AAPL,high,187.15
2018-05-21,AMZN,high,1592.05
2018-05-21,FB,high,185.3
2018-05-21,GOOG,high,1088.0
2018-05-21,NFLX,high,331.88
2018-05-22,AAPL,high,186.7643
2018-05-22,AMZN,high,1589.89
2018-05-22,FB,high,185.42
2018-05-22,GOOG,high,1086.59
2018-05-22,NFLX,high,336.63
2018-05-23,AAPL,high,186.3886
2018-05-23,AMZN,high,1601.86
2018-05-23,FB,high,186.91
2018-05-23,GOOG,high,1080.78
2018-05-23,NFLX,high,345.0
2018-05-24,AAPL,high,186.7248
2018-05-24,AMZN,high,1608.24
2018-05-24,FB,high,186.8
2018-05-24,GOOG,high,1080.47
2018-05-24,NFLX,high,354.0
2018-05-25,AAPL,high,187.5257
2018-05-25,AMZN,high,1614.12
2018-05-25,FB,high,186.33
2018-05-25,GOOG,high,1082.56
2018-05-25,NFLX,high,354.36
2018-05-29,AAPL,high,186.6358
2018-05-29,AMZN,high,1621.79
2018-05-29,FB,high,186.81
2018-05-29,GOOG,high,1073.37
2018-05-29,NFLX,high,356.1
2018-05-30,AAPL,high,185.8942
2018-05-30,AMZN,high,1626.0
2018-05-30,FB,high,188.0
2018-05-30,GOOG,high,1069.21
2018-05-30,NFLX,high,354.0
2018-05-31,AAPL,high,186.1216
2018-05-31,AMZN,high,1635.0
2018-05-31,FB,high,192.72
2018-05-31,GOOG,high,1097.19
2018-05-31,NFLX,high,355.53
2018-06-01,AAPL,high,188.1289
2018-06-01,AMZN,high,1646.73
2018-06-01,FB,high,194.5492
2018-06-01,GOOG,high,1120.0
2018-06-01,NFLX,high,359.99
2018-06-04,AAPL,high,191.2535
2018-06-04,AMZN,high,1665.68
2018-06-04,FB,high,193.98
2018-06-04,GOOG,high,1141.89
2018-06-04,NFLX,high,363.0
2018-06-05,AAPL,high,191.7677
2018-06-05,AMZN,high,1699.0
2018-06-05,FB,high,195.0
2018-06-05,GOOG,high,1145.74
2018-06-05,NFLX,high,369.83
2018-06-06,AAPL,high,191.9061
2018-06-06,AMZN,high,1714.5
2018-06-06,FB,high,192.53
2018-06-06,GOOG,high,1143.0
2018-06-06,NFLX,high,369.6799
2018-06-07,AAPL,high,192.0247
2018-06-07,AMZN,high,1699.9
2018-06-07,FB,high,190.97
2018-06-07,GOOG,high,1135.82
2018-06-07,NFLX,high,368.7
2018-06-08,AAPL,high,189.8494
2018-06-08,AMZN,high,1689.44
2018-06-08,FB,high,189.4754
2018-06-08,GOOG,high,1126.67
2018-06-08,NFLX,high,362.39
2018-06-11,AAPL,high,189.8197
2018-06-11,AMZN,high,1694.24
2018-06-11,FB,high,192.6
2018-06-11,GOOG,high,1137.26
2018-06-11,NFLX,high,365.67
2018-06-12,AAPL,high,190.4535
2018-06-12,AMZN,high,1699.51
2018-06-12,FB,high,193.28
2018-06-12,GOOG,high,1139.79
2018-06-12,NFLX,high,365.98
2018-06-13,AAPL,high,190.7195
2018-06-13,AMZN,high,1713.75
2018-06-13,FB,high,194.5
2018-06-13,GOOG,high,1146.5
2018-06-13,NFLX,high,384.2537
2018-06-14,AAPL,high,189.4242
2018-06-14,AMZN,high,1724.8
2018-06-14,FB,high,197.28
2018-06-14,GOOG,high,1155.47
2018-06-14,NFLX,high,395.03
2018-06-15,AAPL,high,188.03
2018-06-15,AMZN,high,1720.87
2018-06-15,FB,high,197.07
2018-06-15,GOOG,high,1153.42
2018-06-15,NFLX,high,398.86
2018-06-18,AAPL,high,187.1005
2018-06-18,AMZN,high,1726.74
2018-06-18,FB,high,199.58
2018-06-18,GOOG,high,1174.31
2018-06-18,NFLX,high,393.16
2018-06-19,AAPL,high,184.2429
2018-06-19,AMZN,high,1736.11
2018-06-19,FB,high,197.96
2018-06-19,GOOG,high,1171.27
2018-06-19,NFLX,high,405.29
2018-06-20,AAPL,high,185.1031
2018-06-20,AMZN,high,1762.93
2018-06-20,FB,high,203.55
2018-06-20,GOOG,high,1186.29
2018-06-20,NFLX,high,419.4675
2018-06-21,AAPL,high,186.2403
2018-06-21,AMZN,high,1763.1
2018-06-21,FB,high,203.39
2018-06-21,GOOG,high,1177.3
2018-06-21,NFLX,high,423.2056
2018-06-22,AAPL,high,184.0649
2018-06-22,AMZN,high,1743.0
2018-06-22,FB,high,202.24
2018-06-22,GOOG,high,1162.5
2018-06-22,NFLX,high,420.5
2018-06-25,AAPL,high,182.8487
2018-06-25,AMZN,high,1705.0
2018-06-25,FB,high,200.0
2018-06-25,GOOG,high,1143.91
2018-06-25,NFLX,high,405.99
2018-06-26,AAPL,high,184.4407
2018-06-26,AMZN,high,1701.57
2018-06-26,FB,high,199.1
2018-06-26,GOOG,high,1133.21
2018-06-26,NFLX,high,404.78
2018-06-27,AAPL,high,185.1823
2018-06-27,AMZN,high,1711.95
2018-06-27,FB,high,200.75
2018-06-27,GOOG,high,1131.84
2018-06-27,NFLX,high,411.5865
2018-06-28,AAPL,high,184.1242
2018-06-28,AMZN,high,1705.5
2018-06-28,FB,high,197.34
2018-06-28,GOOG,high,1122.31
2018-06-28,NFLX,high,396.9
2018-06-29,AAPL,high,185.0933
2018-06-29,AMZN,high,1723.41
2018-06-29,FB,high,197.5997
2018-06-29,GOOG,high,1128.23
2018-06-29,NFLX,high,401.3299
2018-07-02,AAPL,high,185.202
2018-07-02,AMZN,high,1713.89
2018-07-02,FB,high,197.45
2018-07-02,GOOG,high,1128.0
2018-07-02,NFLX,high,398.38
2018-07-03,AAPL,high,185.8447
2018-07-03,AMZN,high,1725.0
2018-07-03,FB,high,195.4
2018-07-03,GOOG,high,1135.82
2018-07-03,NFLX,high,399.98
2018-07-05,AAPL,high,184.322
2018-07-05,AMZN,high,1710.69
2018-07-05,FB,high,198.65
2018-07-05,GOOG,high,1127.5
2018-07-05,NFLX,high,399.24
2018-07-06,AAPL,high,186.3233
2018-07-06,AMZN,high,1715.27
2018-07-06,FB,high,203.64
2018-07-06,GOOG,high,1140.93
2018-07-06,NFLX,high,408.6495
2018-07-09,AAPL,high,188.5442
2018-07-09,AMZN,high,1739.56
2018-07-09,FB,high,205.8
2018-07-09,GOOG,high,1154.67
2018-07-09,NFLX,high,419.12
2018-07-10,AAPL,high,189.1374
2018-07-10,AMZN,high,1750.0
2018-07-10,FB,high,204.91
2018-07-10,GOOG,high,1159.59
2018-07-10,NFLX,high,419.44
2018-07-11,AAPL,high,187.6542
2018-07-11,AMZN,high,1756.96
2018-07-11,FB,high,204.5
2018-07-11,GOOG,high,1164.29
2018-07-11,NFLX,high,419.77
2018-07-12,AAPL,high,189.266
2018-07-12,AMZN,high,1798.0
2018-07-12,FB,high,207.08
2018-07-12,GOOG,high,1184.41
2018-07-12,NFLX,high,416.79
2018-07-13,AAPL,high,189.6912
2018-07-13,AMZN,high,1815.3
2018-07-13,FB,high,208.43
2018-07-13,GOOG,high,1195.42
2018-07-13,NFLX,high,410.0
2018-07-16,AAPL,high,190.4921
2018-07-16,AMZN,high,1841.95
2018-07-16,FB,high,208.72
2018-07-16,GOOG,high,1191.0
2018-07-16,NFLX,high,403.355
2018-07-17,AAPL,high,189.7208
2018-07-17,AMZN,high,1851.69
2018-07-17,FB,high,210.46
2018-07-17,GOOG,high,1203.04
2018-07-17,NFLX,high,385.0
2018-07-18,AAPL,high,189.6516
2018-07-18,AMZN,high,1858.88
2018-07-18,FB,high,210.99
2018-07-18,GOOG,high,1204.5
2018-07-18,NFLX,high,383.13
2018-07-19,AAPL,high,190.3932
2018-07-19,AMZN,high,1841.0
2018-07-19,FB,high,209.99
2018-07-19,GOOG,high,1200.0
2018-07-19,NFLX,high,375.749
2018-07-20,AAPL,high,190.2746
2018-07-20,AMZN,high,1834.84
2018-07-20,FB,high,211.5
2018-07-20,GOOG,high,1196.86
2018-07-20,NFLX,high,370.5
2018-07-23,AAPL,high,189.8098
2018-07-23,AMZN,high,1819.0
2018-07-23,FB,high,211.62
2018-07-23,GOOG,high,1206.49
2018-07-23,NFLX,high,363.9
2018-07-24,AAPL,high,191.4909
2018-07-24,AMZN,high,1840.0
2018-07-24,FB,high,216.2
2018-07-24,GOOG,high,1266.0
2018-07-24,NFLX,high,367.4
2018-07-25,AAPL,high,192.6675
2018-07-25,AMZN,high,1863.84
2018-07-25,FB,high,218.62
2018-07-25,GOOG,high,1265.86
2018-07-25,NFLX,high,363.28
2018-07-26,AAPL,high,193.765
2018-07-26,AMZN,high,1844.68
2018-07-26,FB,high,180.13
2018-07-26,GOOG,high,1269.77
2018-07-26,NFLX,high,365.54
2018-07-27,AAPL,high,193.0037
2018-07-27,AMZN,high,1880.05
2018-07-27,FB,high,179.93
2018-07-27,GOOG,high,1273.89
2018-07-27,NFLX,high,367.0
2018-07-30,AAPL,high,190.0471
2018-07-30,AMZN,high,1829.5
2018-07-30,FB,high,175.3
2018-07-30,GOOG,high,1234.92
2018-07-30,NFLX,high,352.03
2018-07-31,AAPL,high,189.9878
2018-07-31,AMZN,high,1801.83
2018-07-31,FB,high,174.24
2018-07-31,GOOG,high,1227.59
2018-07-31,NFLX,high,342.5
2018-08-01,AAPL,high,199.5001
2018-08-01,AMZN,high,1798.44
2018-08-01,FB,high,175.08
2018-08-01,GOOG,high,1233.47
2018-08-01,NFLX,high,344.41
2018-08-02,AAPL,high,206.0459
2018-08-02,AMZN,high,1836.56
2018-08-02,FB,high,176.79
2018-08-02,GOOG,high,1229.88
2018-08-02,NFLX,high,345.0
2018-08-03,AAPL,high,206.4019
2018-08-03,AMZN,high,1841.0
2018-08-03,FB,high,178.85
2018-08-03,GOOG,high,1230.0
2018-08-03,NFLX,high,347.86
2018-08-06,AAPL,high,206.9062
2018-08-06,AMZN,high,1847.77
2018-08-06,FB,high,185.79
2018-08-06,GOOG,high,1226.09
2018-08-06,NFLX,high,351.98
2018-08-07,AAPL,high,207.1534
2018-08-07,AMZN,high,1869.72
2018-08-07,FB,high,188.3
2018-08-07,GOOG,high,1251.17
2018-08-07,NFLX,high,357.31
2018-08-08,AAPL,high,205.4823
2018-08-08,AMZN,high,1891.51
2018-08-08,FB,high,186.85
2018-08-08,GOOG,high,1256.5
2018-08-08,NFLX,high,352.29
2018-08-09,AAPL,high,207.4302
2018-08-09,AMZN,high,1914.57
2018-08-09,FB,high,186.57
2018-08-09,GOOG,high,1255.54
2018-08-09,NFLX,high,352.439
2018-08-10,AAPL,high,207.483
2018-08-10,AMZN,high,1899.5
2018-08-10,FB,high,182.1
2018-08-10,GOOG,high,1245.69
2018-08-10,NFLX,high,349.1
2018-08-13,AAPL,high,209.3207
2018-08-13,AMZN,high,1925.0
2018-08-13,FB,high,182.61
2018-08-13,GOOG,high,1249.27
2018-08-13,NFLX,high,347.19
2018-08-14,AAPL,high,208.9317
2018-08-14,AMZN,high,1921.01
2018-08-14,FB,high,181.99
2018-08-14,GOOG,high,1245.87
2018-08-14,NFLX,high,342.41
2018-08-15,AAPL,high,209.1103
2018-08-15,AMZN,high,1916.21
2018-08-15,FB,high,180.87
2018-08-15,GOOG,high,1235.24
2018-08-15,NFLX,high,335.4962
2018-08-16,AAPL,high,212.1587
2018-08-16,AMZN,high,1905.0
2018-08-16,FB,high,180.5
2018-08-16,GOOG,high,1226.0
2018-08-16,NFLX,high,331.17
2018-08-17,AAPL,high,216.2646
2018-08-17,AMZN,high,1888.0
2018-08-17,FB,high,176.22
2018-08-17,GOOG,high,1209.02
2018-08-17,NFLX,high,324.365
2018-08-20,AAPL,high,217.485
2018-08-20,AMZN,high,1891.75
2018-08-20,FB,high,174.57
2018-08-20,GOOG,high,1211.0
2018-08-20,NFLX,high,331.6
2018-08-21,AAPL,high,215.5104
2018-08-21,AMZN,high,1897.75
2018-08-21,FB,high,174.17
2018-08-21,GOOG,high,1217.26
2018-08-21,NFLX,high,341.5
2018-08-22,AAPL,high,214.6869
2018-08-22,AMZN,high,1905.8
2018-08-22,FB,high,174.24
2018-08-22,GOOG,high,1211.84
2018-08-22,NFLX,high,346.21
2018-08-23,AAPL,high,215.3715
2018-08-23,AMZN,high,1919.5
2018-08-23,FB,high,175.55
2018-08-23,GOOG,high,1221.28
2018-08-23,NFLX,high,350.08
2018-08-24,AAPL,high,215.2227
2018-08-24,AMZN,high,1916.01
2018-08-24,FB,high,174.82
2018-08-24,GOOG,high,1221.65
2018-08-24,NFLX,high,359.15
2018-08-27,AAPL,high,217.0485
2018-08-27,AMZN,high,1927.7
2018-08-27,FB,high,178.67
2018-08-27,GOOG,high,1243.09
2018-08-27,NFLX,high,374.49
2018-08-28,AAPL,high,218.8345
2018-08-28,AMZN,high,1941.78
2018-08-28,FB,high,178.2399
2018-08-28,GOOG,high,1242.55
2018-08-28,NFLX,high,369.99
2018-08-29,AAPL,high,221.7617
2018-08-29,AMZN,high,1998.69
2018-08-29,FB,high,176.79
2018-08-29,GOOG,high,1250.66
2018-08-29,NFLX,high,369.86
2018-08-30,AAPL,high,226.4948
2018-08-30,AMZN,high,2025.57
2018-08-30,FB,high,179.7901
2018-08-30,GOOG,high,1253.63
2018-08-30,NFLX,high,376.8085
2018-08-31,AAPL,high,227.1001
2018-08-31,AMZN,high,2022.38
2018-08-31,FB,high,177.62
2018-08-31,GOOG,high,1238.66
2018-08-31,NFLX,high,376.0
2018-09-04,AAPL,high,227.4077
2018-09-04,AMZN,high,2050.5
2018-09-04,FB,high,173.89
2018-09-04,GOOG,high,1212.99
2018-09-04,NFLX,high,368.88
2018-09-05,AAPL,high,227.8939
2018-09-05,AMZN,high,2040.38
2018-09-05,FB,high,171.125
2018-09-05,GOOG,high,1199.01
2018-09-05,NFLX,high,363.39
2018-09-06,AAPL,high,225.5919
2018-09-06,AMZN,high,2007.5
2018-09-06,FB,high,166.98
2018-09-06,GOOG,high,1186.3
2018-09-06,NFLX,high,356.0
2018-09-07,AAPL,high,223.6272
2018-09-07,AMZN,high,1975.2
2018-09-07,FB,high,164.6269
2018-09-07,GOOG,high,1175.26
2018-09-07,NFLX,high,355.75
2018-09-10,AAPL,high,220.1344
2018-09-10,AMZN,high,1973.04
2018-09-10,FB,high,165.01
2018-09-10,GOOG,high,1174.54
2018-09-10,NFLX,high,352.5
2018-09-11,AAPL,high,222.5645
2018-09-11,AMZN,high,1988.88
2018-09-11,FB,high,167.19
2018-09-11,GOOG,high,1178.68
2018-09-11,NFLX,high,356.15
2018-09-12,AAPL,high,223.26
2018-09-12,AMZN,high,2000.0
2018-09-12,FB,high,164.49
2018-09-12,GOOG,high,1178.61
2018-09-12,NFLX,high,370.43
2018-09-13,AAPL,high,226.5841
2018-09-13,AMZN,high,2008.76
2018-09-13,FB,high,163.32
2018-09-13,GOOG,high,1178.61
2018-09-13,NFLX,high,374.09
2018-09-14,AAPL,high,225.0858
2018-09-14,AMZN,high,1993.65
2018-09-14,FB,high,162.84
2018-09-14,GOOG,high,1180.42
2018-09-14,NFLX,high,371.09
2018-09-17,AAPL,high,221.2259
2018-09-17,AMZN,high,1956.82
2018-09-17,FB,high,162.06
2018-09-17,GOOG,high,1177.24
2018-09-17,NFLX,high,367.33
2018-09-18,AAPL,high,220.1344
2018-09-18,AMZN,high,1958.2
2018-09-18,FB,high,161.7639
2018-09-18,GOOG,high,1176.08
2018-09-18,NFLX,high,368.15
2018-09-19,AAPL,high,217.9216
2018-09-19,AMZN,high,1940.83
2018-09-19,FB,high,163.44
2018-09-19,GOOG,high,1173.21
2018-09-19,NFLX,high,377.61
2018-09-20,AAPL,high,220.5611
2018-09-20,AMZN,high,1955.0
2018-09-20,FB,high,166.45
2018-09-20,GOOG,high,1189.89
2018-09-20,NFLX,high,370.26
2018-09-21,AAPL,high,219.6482
2018-09-21,AMZN,high,1957.31
2018-09-21,FB,high,167.25
2018-09-21,GOOG,high,1192.21
2018-09-21,NFLX,high,372.22
2018-09-24,AAPL,high,219.549
2018-09-24,AMZN,high,1936.88
2018-09-24,FB,high,165.7
2018-09-24,GOOG,high,1178.0
2018-09-24,NFLX,high,373.64
2018-09-25,AAPL,high,221.0969
2018-09-25,AMZN,high,1975.91
2018-09-25,FB,high,165.59
2018-09-25,GOOG,high,1186.88
2018-09-25,NFLX,high,371.34
2018-09-26,AAPL,high,222.0197
2018-09-26,AMZN,high,1995.25
2018-09-26,FB,high,169.3
2018-09-26,GOOG,high,1194.23
2018-09-26,NFLX,high,382.0
2018-09-27,AAPL,high,224.6889
2018-09-27,AMZN,high,2016.16
2018-09-27,FB,high,171.77
2018-09-27,GOOG,high,1202.1
2018-09-27,NFLX,high,383.2
2018-09-28,AAPL,high,224.0935
2018-09-28,AMZN,high,2026.52
2018-09-28,FB,high,168.79
2018-09-28,GOOG,high,1195.41
2018-09-28,NFLX,high,380.8
2018-10-01,AAPL,high,227.6459
2018-10-01,AMZN,high,2033.19
2018-10-01,FB,high,165.88
2018-10-01,GOOG,high,1209.9
2018-10-01,NFLX,high,386.11
2018-10-02,AAPL,high,228.2214
2018-10-02,AMZN,high,2013.39
2018-10-02,FB,high,162.28
2018-10-02,GOOG,high,1209.96
2018-10-02,NFLX,high,386.7999
2018-10-03,AAPL,high,231.6645
2018-10-03,AMZN,high,1989.7
2018-10-03,FB,high,163.66
2018-10-03,GOOG,high,1206.41
2018-10-03,NFLX,high,380.93
2018-10-04,AAPL,high,230.5532
2018-10-04,AMZN,high,1956.0
2018-10-04,FB,high,161.46
2018-10-04,GOOG,high,1197.51
2018-10-04,NFLX,high,375.92
2018-10-05,AAPL,high,226.6437
2018-10-05,AMZN,high,1929.08
2018-10-05,FB,high,160.9
2018-10-05,GOOG,high,1173.5
2018-10-05,NFLX,high,363.5
2018-10-08,AAPL,high,223.0616
2018-10-08,AMZN,high,1902.0
2018-10-08,FB,high,158.34
2018-10-08,GOOG,high,1168.0
2018-10-08,NFLX,high,352.945
2018-10-09,AAPL,high,225.5125
2018-10-09,AMZN,high,1896.68
2018-10-09,FB,high,160.59
2018-10-09,GOOG,high,1154.35
2018-10-09,NFLX,high,358.72
2018-10-10,AAPL,high,224.5996
2018-10-10,AMZN,high,1858.56
2018-10-10,FB,high,157.69
2018-10-10,GOOG,high,1132.17
2018-10-10,NFLX,high,355.15
2018-10-11,AAPL,high,217.8026
2018-10-11,AMZN,high,1755.4
2018-10-11,FB,high,154.81
2018-10-11,GOOG,high,1106.4
2018-10-11,NFLX,high,334.2
2018-10-12,AAPL,high,221.1564
2018-10-12,AMZN,high,1808.95
2018-10-12,FB,high,156.89
2018-10-12,GOOG,high,1115.0
2018-10-12,NFLX,high,341.3
2018-10-15,AAPL,high,220.1146
2018-10-15,AMZN,high,1795.05
2018-10-15,FB,high,155.57
2018-10-15,GOOG,high,1113.45
2018-10-15,NFLX,high,339.2057
2018-10-16,AAPL,high,221.2656
2018-10-16,AMZN,high,1823.88
2018-10-16,FB,high,159.46
2018-10-16,GOOG,high,1124.22
2018-10-16,NFLX,high,347.95
2018-10-17,AAPL,high,220.9183
2018-10-17,AMZN,high,1845.0
2018-10-17,FB,high,160.49
2018-10-17,GOOG,high,1128.99
2018-10-17,NFLX,high,380.0
2018-10-18,AAPL,high,218.0407
2018-10-18,AMZN,high,1830.15
2018-10-18,FB,high,158.66
2018-10-18,GOOG,high,1121.84
2018-10-18,NFLX,high,362.2
2018-10-19,AAPL,high,219.549
2018-10-19,AMZN,high,1809.1
2018-10-19,FB,high,157.35
2018-10-19,GOOG,high,1110.36
2018-10-19,NFLX,high,355.8
2018-10-22,AAPL,high,221.6327
2018-10-22,AMZN,high,1809.5
2018-10-22,FB,high,157.34
2018-10-22,GOOG,high,1112.23
2018-10-22,NFLX,high,335.8
2018-10-23,AAPL,high,221.5236
2018-10-23,AMZN,high,1776.34
2018-10-23,FB,high,154.77
2018-10-23,GOOG,high,1107.89
2018-10-23,NFLX,high,336.58
2018-10-24,AAPL,high,222.496
2018-10-24,AMZN,high,1777.71
2018-10-24,FB,high,154.65
2018-10-24,GOOG,high,1106.12
2018-10-24,NFLX,high,333.0
2018-10-25,AAPL,high,219.668
2018-10-25,AMZN,high,1794.81
2018-10-25,FB,high,152.21
2018-10-25,GOOG,high,1110.98
2018-10-25,NFLX,high,319.94
2018-10-26,AAPL,high,218.4872
2018-10-26,AMZN,high,1698.46
2018-10-26,FB,high,149.0
2018-10-26,GOOG,high,1106.53
2018-10-26,NFLX,high,313.99
2018-10-29,AAPL,high,217.9911
2018-10-29,AMZN,high,1665.74
2018-10-29,FB,high,148.83
2018-10-29,GOOG,high,1097.04
2018-10-29,NFLX,high,307.89
2018-10-30,AAPL,high,213.516
2018-10-30,AMZN,high,1540.99
2018-10-30,FB,high,146.64
2018-10-30,GOOG,high,1037.49
2018-10-30,NFLX,high,290.525
2018-10-31,AAPL,high,218.7452
2018-10-31,AMZN,high,1623.91
2018-10-31,FB,high,156.4
2018-10-31,GOOG,high,1091.94
2018-10-31,NFLX,high,311.5
2018-11-01,AAPL,high,220.6405
2018-11-01,AMZN,high,1670.45
2018-11-01,FB,high,152.75
2018-11-01,GOOG,high,1083.97
2018-11-01,NFLX,high,318.45
2018-11-02,AAPL,high,211.9978
2018-11-02,AMZN,high,1697.44
2018-11-02,FB,high,154.13
2018-11-02,GOOG,high,1082.97
2018-11-02,NFLX,high,321.88
2018-11-05,AAPL,high,202.8094
2018-11-05,AMZN,high,1658.09
2018-11-05,FB,high,150.19
2018-11-05,GOOG,high,1058.47
2018-11-05,NFLX,high,317.53
2018-11-06,AAPL,high,203.1369
2018-11-06,AMZN,high,1665.0
2018-11-06,FB,high,150.97
2018-11-06,GOOG,high,1064.35
2018-11-06,NFLX,high,320.22
2018-11-07,AAPL,high,208.4356
2018-11-07,AMZN,high,1759.23
2018-11-07,FB,high,153.01
2018-11-07,GOOG,high,1095.46
2018-11-07,NFLX,high,328.56
2018-11-08,AAPL,high,209.2226
2018-11-08,AMZN,high,1784.0
2018-11-08,FB,high,150.94
2018-11-08,GOOG,high,1093.27
2018-11-08,NFLX,high,332.0499
2018-11-09,AAPL,high,205.1301
2018-11-09,AMZN,high,1743.92
2018-11-09,FB,high,147.76
2018-11-09,GOOG,high,1075.56
2018-11-09,NFLX,high,312.98
2018-11-12,AAPL,high,198.9964
2018-11-12,AMZN,high,1708.55
2018-11-12,FB,high,145.04
2018-11-12,GOOG,high,1062.12
2018-11-12,NFLX,high,302.49
2018-11-13,AAPL,high,196.3378
2018-11-13,AMZN,high,1677.06
2018-11-13,FB,high,144.88
2018-11-13,GOOG,high,1056.61
2018-11-13,NFLX,high,303.55
2018-11-14,AAPL,high,193.6494
2018-11-14,AMZN,high,1673.0
2018-11-14,FB,high,145.58
2018-11-14,GOOG,high,1054.56
2018-11-14,NFLX,high,301.84
2018-11-15,AAPL,high,191.1501
2018-11-15,AMZN,high,1624.82
2018-11-15,FB,high,144.84
2018-11-15,GOOG,high,1071.85
2018-11-15,NFLX,high,292.5
2018-11-16,AAPL,high,194.1368
2018-11-16,AMZN,high,1614.48
2018-11-16,FB,high,141.77
2018-11-16,GOOG,high,1067.0
2018-11-16,NFLX,high,291.72
2018-11-19,AAPL,high,189.8855
2018-11-19,AMZN,high,1581.19
2018-11-19,FB,high,137.75
2018-11-19,GOOG,high,1060.79
2018-11-19,NFLX,high,285.09
2018-11-20,AAPL,high,180.6949
2018-11-20,AMZN,high,1534.75
2018-11-20,FB,high,134.1592
2018-11-20,GOOG,high,1031.74
2018-11-20,NFLX,high,276.34
2018-11-21,AAPL,high,179.5001
2018-11-21,AMZN,high,1550.0
2018-11-21,FB,high,137.19
2018-11-21,GOOG,high,1048.56
2018-11-21,NFLX,high,275.34
2018-11-23,AAPL,high,175.8408
2018-11-23,AMZN,high,1536.2
2018-11-23,FB,high,134.5
2018-11-23,GOOG,high,1037.59
2018-11-23,NFLX,high,265.5
2018-11-26,AAPL,high,174.2028
2018-11-26,AMZN,high,1584.81
2018-11-26,FB,high,137.0
2018-11-26,GOOG,high,1049.31
2018-11-26,NFLX,high,266.25
2018-11-27,AAPL,high,174.0236
2018-11-27,AMZN,high,1597.65
2018-11-27,FB,high,136.6126
2018-11-27,GOOG,high,1057.58
2018-11-27,NFLX,high,269.08
2018-11-28,AAPL,high,180.5157
2018-11-28,AMZN,high,1681.45
2018-11-28,FB,high,136.7899
2018-11-28,GOOG,high,1086.84
2018-11-28,NFLX,high,284.0
2018-11-29,AAPL,high,182.0193
2018-11-29,AMZN,high,1689.99
2018-11-29,FB,high,139.99
2018-11-29,GOOG,high,1094.24
2018-11-29,NFLX,high,290.49
2018-11-30,AAPL,high,179.5598
2018-11-30,AMZN,high,1696.0
2018-11-30,FB,high,140.966
2018-11-30,GOOG,high,1095.57
2018-11-30,NFLX,high,290.81
2018-12-03,AAPL,high,184.1501
2018-12-03,AMZN,high,1778.34
2018-12-03,FB,high,143.6799
2018-12-03,GOOG,high,1124.65
2018-12-03,NFLX,high,298.72
2018-12-04,AAPL,high,181.6109
2018-12-04,AMZN,high,1770.34
2018-12-04,FB,high,143.39
2018-12-04,GOOG,high,1104.42
2018-12-04,NFLX,high,295.74
2018-12-06,AAPL,high,174.0335
2018-12-06,AMZN,high,1701.05
2018-12-06,FB,high,139.7
2018-12-06,GOOG,high,1071.2
2018-12-06,NFLX,high,283.22
2018-12-07,AAPL,high,173.7448
2018-12-07,AMZN,high,1718.93
2018-12-07,FB,high,140.87
2018-12-07,GOOG,high,1075.26
2018-12-07,NFLX,high,284.209
2018-12-10,AAPL,high,169.3635
2018-12-10,AMZN,high,1657.99
2018-12-10,FB,high,143.05
2018-12-10,GOOG,high,1048.45
2018-12-10,NFLX,high,271.18
2018-12-11,AAPL,high,171.0563
2018-12-11,AMZN,high,1679.47
2018-12-11,FB,high,143.88
2018-12-11,GOOG,high,1060.6
2018-12-11,NFLX,high,274.5
2018-12-12,AAPL,high,171.1857
2018-12-12,AMZN,high,1704.99
2018-12-12,FB,high,147.19
2018-12-12,GOOG,high,1081.65
2018-12-12,NFLX,high,281.7695
2018-12-13,AAPL,high,171.833
2018-12-13,AMZN,high,1692.12
2018-12-13,FB,high,145.85
2018-12-13,GOOG,high,1079.76
2018-12-13,NFLX,high,279.32
2018-12-14,AAPL,high,168.3579
2018-12-14,AMZN,high,1642.57
2018-12-14,FB,high,146.01
2018-12-14,GOOG,high,1062.6
2018-12-14,NFLX,high,277.6665
2018-12-17,AAPL,high,167.63099999999997
2018-12-17,AMZN,high,1576.13
2018-12-17,FB,high,144.92
2018-12-17,GOOG,high,1053.15
2018-12-17,NFLX,high,272.98
2018-12-18,AAPL,high,166.8145
2018-12-18,AMZN,high,1567.55
2018-12-18,FB,high,145.93
2018-12-18,GOOG,high,1049.48
2018-12-18,NFLX,high,275.75
2018-12-19,AAPL,high,166.7348
2018-12-19,AMZN,high,1584.53
2018-12-19,FB,high,144.91
2018-12-19,GOOG,high,1062.0
2018-12-19,NFLX,high,280.87
2018-12-20,AAPL,high,161.4176
2018-12-20,AMZN,high,1509.5
2018-12-20,FB,high,135.57
2018-12-20,GOOG,high,1034.22
2018-12-20,NFLX,high,269.9
2018-12-21,AAPL,high,157.4845
2018-12-21,AMZN,high,1480.0
2018-12-21,FB,high,134.9
2018-12-21,GOOG,high,1024.02
2018-12-21,NFLX,high,264.5
2018-12-24,AAPL,high,150.9027
2018-12-24,AMZN,high,1396.03
2018-12-24,FB,high,129.74
2018-12-24,GOOG,high,1003.54
2018-12-24,NFLX,high,250.65
2018-12-26,AAPL,high,156.5585
2018-12-26,AMZN,high,1473.16
2018-12-26,FB,high,134.24
2018-12-26,GOOG,high,1040.0
2018-12-26,NFLX,high,254.5
2018-12-27,AAPL,high,156.1004
2018-12-27,AMZN,high,1469.0
2018-12-27,FB,high,134.99
2018-12-27,GOOG,high,1043.89
2018-12-27,NFLX,high,255.59
2018-12-28,AAPL,high,157.843
2018-12-28,AMZN,high,1513.47
2018-12-28,FB,high,135.92
2018-12-28,GOOG,high,1055.56
2018-12-28,NFLX,high,261.9144
2018-12-31,AAPL,high,158.6794
2018-12-31,AMZN,high,1520.76
2018-12-31,FB,high,134.64
2018-12-31,GOOG,high,1052.7
2018-12-31,NFLX,high,270.1001
2018-01-02,AAPL,low,166.0442
2018-01-02,AMZN,low,1170.51
2018-01-02,FB,low,177.55
2018-01-02,GOOG,low,1045.23
2018-01-02,NFLX,low,195.42
2018-01-03,AAPL,low,168.6929
2018-01-03,AMZN,low,1188.3
2018-01-03,FB,low,181.33
2018-01-03,GOOG,low,1063.21
2018-01-03,NFLX,low,201.5
2018-01-04,AAPL,low,168.8106
2018-01-04,AMZN,low,1204.66
2018-01-04,FB,low,184.0996
2018-01-04,GOOG,low,1084.0
2018-01-04,NFLX,low,204.0006
2018-01-05,AAPL,low,169.7622
2018-01-05,AMZN,low,1210.0
2018-01-05,FB,low,184.93
2018-01-05,GOOG,low,1092.0
2018-01-05,NFLX,low,205.59
2018-01-08,AAPL,low,170.6255
2018-01-08,AMZN,low,1232.03
2018-01-08,FB,low,186.33
2018-01-08,GOOG,low,1101.62
2018-01-08,NFLX,low,208.44
2018-01-09,AAPL,low,170.1154
2018-01-09,AMZN,low,1241.76
2018-01-09,FB,low,187.1
2018-01-09,GOOG,low,1101.23
2018-01-09,NFLX,low,208.59
2018-01-10,AAPL,low,169.7131
2018-01-10,AMZN,low,1237.23
2018-01-10,FB,low,185.63
2018-01-10,GOOG,low,1096.11
2018-01-10,NFLX,low,206.91
2018-01-11,AAPL,low,171.1748
2018-01-11,AMZN,low,1256.46
2018-01-11,FB,low,187.38
2018-01-11,GOOG,low,1099.59
2018-01-11,NFLX,low,213.35
2018-01-12,AAPL,low,172.3128
2018-01-12,AMZN,low,1273.39
2018-01-12,FB,low,177.4
2018-01-12,GOOG,low,1101.15
2018-01-12,NFLX,low,216.0
2018-01-16,AAPL,low,172.7935
2018-01-16,AMZN,low,1292.3
2018-01-16,FB,low,178.04
2018-01-16,GOOG,low,1117.83
2018-01-16,NFLX,low,217.2
2018-01-17,AAPL,low,171.7438
2018-01-17,AMZN,low,1280.88
2018-01-17,FB,low,175.8
2018-01-17,GOOG,low,1117.01
2018-01-17,NFLX,low,216.32
2018-01-18,AAPL,low,174.8634
2018-01-18,AMZN,low,1284.02
2018-01-18,FB,low,177.08
2018-01-18,GOOG,low,1117.5
2018-01-18,NFLX,low,216.55
2018-01-19,AAPL,low,174.0394
2018-01-19,AMZN,low,1292.99
2018-01-19,FB,low,180.1702
2018-01-19,GOOG,low,1128.3
2018-01-19,NFLX,low,218.5
2018-01-22,AAPL,low,173.2463
2018-01-22,AMZN,low,1296.66
2018-01-22,FB,low,180.41
2018-01-22,GOOG,low,1135.11
2018-01-22,NFLX,low,221.2
2018-01-23,AAPL,low,173.4606
2018-01-23,AMZN,low,1337.34
2018-01-23,FB,low,185.55
2018-01-23,GOOG,low,1158.75
2018-01-23,NFLX,low,248.02
2018-01-24,AAPL,low,169.9093
2018-01-24,AMZN,low,1338.0
2018-01-24,FB,low,186.52
2018-01-24,GOOG,low,1161.05
2018-01-24,NFLX,low,249.311
2018-01-25,AAPL,low,167.2901
2018-01-25,AMZN,low,1357.62
2018-01-25,FB,low,186.6
2018-01-25,GOOG,low,1162.76
2018-01-25,NFLX,low,260.23
2018-01-26,AAPL,low,166.829
2018-01-26,AMZN,low,1380.91
2018-01-26,FB,low,186.81
2018-01-26,GOOG,low,1158.11
2018-01-26,NFLX,low,268.76
2018-01-29,AAPL,low,163.8958
2018-01-29,AMZN,low,1400.44
2018-01-29,FB,low,185.6301
2018-01-29,GOOG,low,1171.98
2018-01-29,NFLX,low,273.92
2018-01-30,AAPL,low,161.5708
2018-01-30,AMZN,low,1392.0
2018-01-30,FB,low,181.84
2018-01-30,GOOG,low,1163.52
2018-01-30,NFLX,low,272.7
2018-01-31,AAPL,low,163.3366
2018-01-31,AMZN,low,1450.04
2018-01-31,FB,low,185.22
2018-01-31,GOOG,low,1159.13
2018-01-31,NFLX,low,269.58
2018-02-01,AAPL,low,163.5917
2018-02-01,AMZN,low,1385.14
2018-02-01,FB,low,187.89
2018-02-01,GOOG,low,1157.52
2018-02-01,NFLX,low,263.38
2018-02-02,AAPL,low,157.0582
2018-02-02,AMZN,low,1414.0
2018-02-02,FB,low,189.98
2018-02-02,GOOG,low,1107.28
2018-02-02,NFLX,low,262.71
2018-02-05,AAPL,low,153.0361
2018-02-05,AMZN,low,1320.72
2018-02-05,FB,low,180.61
2018-02-05,GOOG,low,1052.03
2018-02-05,NFLX,low,250.03
2018-02-06,AAPL,low,151.0741
2018-02-06,AMZN,low,1351.79
2018-02-06,FB,low,177.74
2018-02-06,GOOG,low,1023.14
2018-02-06,NFLX,low,245.0
2018-02-07,AAPL,low,156.0463
2018-02-07,AMZN,low,1415.15
2018-02-07,FB,low,179.95
2018-02-07,GOOG,low,1048.26
2018-02-07,NFLX,low,264.325
2018-02-08,AAPL,low,152.0846
2018-02-08,AMZN,low,1349.94
2018-02-08,FB,low,171.4815
2018-02-08,GOOG,low,1000.66
2018-02-08,NFLX,low,250.0
2018-02-09,AAPL,low,147.9865
2018-02-09,AMZN,low,1265.93
2018-02-09,FB,low,167.18
2018-02-09,GOOG,low,992.56
2018-02-09,NFLX,low,236.11
2018-02-12,AAPL,low,155.1475
2018-02-12,AMZN,low,1344.01
2018-02-12,FB,low,171.84
2018-02-12,GOOG,low,1040.93
2018-02-12,NFLX,low,249.0
2018-02-13,AAPL,low,159.2254
2018-02-13,AMZN,low,1383.53
2018-02-13,FB,low,173.1
2018-02-13,GOOG,low,1044.09
2018-02-13,NFLX,low,254.7
2018-02-14,AAPL,low,160.4369
2018-02-14,AMZN,low,1403.36
2018-02-14,FB,low,173.2119
2018-02-14,GOOG,low,1046.75
2018-02-14,NFLX,low,260.33
2018-02-15,AAPL,low,166.4652
2018-02-15,AMZN,low,1436.84
2018-02-15,FB,low,176.84
2018-02-15,GOOG,low,1064.34
2018-02-15,NFLX,low,267.63
2018-02-16,AAPL,low,169.1936
2018-02-16,AMZN,low,1446.56
2018-02-16,FB,low,176.3
2018-02-16,GOOG,low,1088.31
2018-02-16,NFLX,low,275.69
2018-02-20,AAPL,low,168.8489
2018-02-20,AMZN,low,1446.49
2018-02-20,FB,low,175.11
2018-02-20,GOOG,low,1088.52
2018-02-20,NFLX,low,276.61
2018-02-21,AAPL,low,168.445
2018-02-21,AMZN,low,1478.92
2018-02-21,FB,low,176.4
2018-02-21,GOOG,low,1106.33
2018-02-21,NFLX,low,280.01
2018-02-22,AAPL,low,169.1345
2018-02-22,AMZN,low,1475.76
2018-02-22,FB,low,177.41
2018-02-22,GOOG,low,1102.59
2018-02-22,NFLX,low,274.45
2018-02-23,AAPL,low,170.9371
2018-02-23,AMZN,low,1486.5
2018-02-23,FB,low,179.51
2018-02-23,GOOG,low,1104.71
2018-02-23,NFLX,low,277.81
2018-02-26,AAPL,low,173.567
2018-02-26,AMZN,low,1507.0
2018-02-26,FB,low,183.2228
2018-02-26,GOOG,low,1126.69
2018-02-26,NFLX,low,287.01
2018-02-27,AAPL,low,175.4878
2018-02-27,AMZN,low,1507.21
2018-02-27,FB,low,181.46
2018-02-27,GOOG,low,1118.0
2018-02-27,NFLX,low,290.59
2018-02-28,AAPL,low,175.3794
2018-02-28,AMZN,low,1512.0
2018-02-28,FB,low,178.14
2018-02-28,GOOG,low,1103.24
2018-02-28,NFLX,low,290.78
2018-03-01,AAPL,low,170.0703
2018-03-01,AMZN,low,1465.0
2018-03-01,FB,low,174.41
2018-03-01,GOOG,low,1067.0
2018-03-01,NFLX,low,283.83
2018-03-02,AAPL,low,169.8634
2018-03-02,AMZN,low,1455.01
2018-03-02,FB,low,172.99
2018-03-02,GOOG,low,1048.12
2018-03-02,NFLX,low,283.23
2018-03-05,AAPL,low,171.9024
2018-03-05,AMZN,low,1481.0
2018-03-05,FB,low,175.89
2018-03-05,GOOG,low,1069.0
2018-03-05,NFLX,low,297.6
2018-03-06,AAPL,low,173.4882
2018-03-06,AMZN,low,1528.0
2018-03-06,FB,low,179.11
2018-03-06,GOOG,low,1089.78
2018-03-06,NFLX,low,316.5
2018-03-07,AAPL,low,171.6561
2018-03-07,AMZN,low,1522.51
2018-03-07,FB,low,178.07
2018-03-07,GOOG,low,1085.48
2018-03-07,NFLX,low,314.55
2018-03-08,AAPL,low,172.4441
2018-03-08,AMZN,low,1545.25
2018-03-08,FB,low,181.45
2018-03-08,GOOG,low,1112.8
2018-03-08,NFLX,low,314.13
2018-03-09,AAPL,low,174.7293
2018-03-09,AMZN,low,1559.08
2018-03-09,FB,low,183.21
2018-03-09,GOOG,low,1132.46
2018-03-09,NFLX,low,320.23
2018-03-12,AAPL,low,177.507
2018-03-12,AMZN,low,1586.7
2018-03-12,FB,low,184.22
2018-03-12,GOOG,low,1157.42
2018-03-12,NFLX,low,318.6
2018-03-13,AAPL,low,176.5516
2018-03-13,AMZN,low,1578.01
2018-03-13,FB,low,181.11
2018-03-13,GOOG,low,1133.33
2018-03-13,NFLX,low,313.278
2018-03-14,AAPL,low,175.143
2018-03-14,AMZN,low,1590.89
2018-03-14,FB,low,181.85
2018-03-14,GOOG,low,1141.44
2018-03-14,NFLX,low,317.7
2018-03-15,AAPL,low,175.3992
2018-03-15,AMZN,low,1578.11
2018-03-15,FB,low,182.19
2018-03-15,GOOG,low,1134.54
2018-03-15,NFLX,low,318.14
2018-03-16,AAPL,low,174.9559
2018-03-16,AMZN,low,1567.5
2018-03-16,FB,low,183.41
2018-03-16,GOOG,low,1131.96
2018-03-16,NFLX,low,318.37
2018-03-19,AAPL,low,171.0553
2018-03-19,AMZN,low,1525.35
2018-03-19,FB,low,170.06
2018-03-19,GOOG,low,1089.01
2018-03-19,NFLX,low,307.34
2018-03-20,AAPL,low,172.3161
2018-03-20,AMZN,low,1545.41
2018-03-20,FB,low,161.95
2018-03-20,GOOG,low,1083.46
2018-03-20,NFLX,low,312.8
2018-03-21,AAPL,low,168.6913
2018-03-21,AMZN,low,1563.17
2018-03-21,FB,low,163.3
2018-03-21,GOOG,low,1085.15
2018-03-21,NFLX,low,314.511
2018-03-22,AAPL,low,166.0712
2018-03-22,AMZN,low,1542.4
2018-03-22,FB,low,163.72
2018-03-22,GOOG,low,1045.91
2018-03-22,NFLX,low,305.66
2018-03-23,AAPL,low,162.466
2018-03-23,AMZN,low,1495.36
2018-03-23,FB,low,159.02
2018-03-23,GOOG,low,1021.22
2018-03-23,NFLX,low,300.36
2018-03-26,AAPL,low,163.9436
2018-03-26,AMZN,low,1499.25
2018-03-26,FB,low,149.02
2018-03-26,GOOG,low,1008.4
2018-03-26,NFLX,low,302.0
2018-03-27,AAPL,low,164.4163
2018-03-27,AMZN,low,1482.32
2018-03-27,FB,low,150.75
2018-03-27,GOOG,low,996.92
2018-03-27,NFLX,low,297.0
2018-03-28,AAPL,low,162.7123
2018-03-28,AMZN,low,1386.17
2018-03-28,FB,low,150.8
2018-03-28,GOOG,low,980.64
2018-03-28,NFLX,low,281.61
2018-03-29,AAPL,low,164.3966
2018-03-29,AMZN,low,1365.2
2018-03-29,FB,low,154.14
2018-03-29,GOOG,low,1002.9
2018-03-29,NFLX,low,275.9
2018-04-02,AAPL,low,162.0031
2018-04-02,AMZN,low,1355.0
2018-04-02,FB,low,154.111
2018-04-02,GOOG,low,990.37
2018-04-02,NFLX,low,275.05
2018-04-03,AAPL,low,162.4069
2018-04-03,AMZN,low,1355.33
2018-04-03,FB,low,150.81
2018-04-03,GOOG,low,994.07
2018-04-03,NFLX,low,278.01
2018-04-04,AAPL,low,162.2986
2018-04-04,AMZN,low,1352.88
2018-04-04,FB,low,150.51
2018-04-04,GOOG,low,993.0
2018-04-04,NFLX,low,271.2239
2018-04-05,AAPL,low,169.49900000000002
2018-04-05,AMZN,low,1427.07
2018-04-05,FB,low,156.65
2018-04-05,GOOG,low,1020.13
2018-04-05,NFLX,low,289.11
2018-04-06,AAPL,low,165.6772
2018-04-06,AMZN,low,1400.26
2018-04-06,FB,low,156.81
2018-04-06,GOOG,low,1003.03
2018-04-06,NFLX,low,285.65
2018-04-09,AAPL,low,167.2975
2018-04-09,AMZN,low,1402.57
2018-04-09,FB,low,156.04
2018-04-09,GOOG,low,1014.08
2018-04-09,NFLX,low,289.12
2018-04-10,AAPL,low,168.9572
2018-04-10,AMZN,low,1415.7
2018-04-10,FB,low,157.01
2018-04-10,GOOG,low,1011.34
2018-04-10,NFLX,low,291.69
2018-04-11,AAPL,low,169.1247
2018-04-11,AMZN,low,1424.89
2018-04-11,FB,low,163.25
2018-04-11,GOOG,low,1015.87
2018-04-11,NFLX,low,301.82
2018-04-12,AAPL,low,170.4446
2018-04-12,AMZN,low,1435.06
2018-04-12,FB,low,163.1
2018-04-12,GOOG,low,1021.43
2018-04-12,NFLX,low,306.75
2018-04-13,AAPL,low,171.2424
2018-04-13,AMZN,low,1424.52
2018-04-13,FB,low,163.77
2018-04-13,GOOG,low,1022.98
2018-04-13,NFLX,low,308.23
2018-04-16,AAPL,low,172.2078
2018-04-16,AMZN,low,1427.48
2018-04-16,FB,low,163.39
2018-04-16,GOOG,low,1026.74
2018-04-16,NFLX,low,304.0
2018-04-17,AAPL,low,173.764
2018-04-17,AMZN,low,1457.02
2018-04-17,FB,low,165.66
2018-04-17,GOOG,low,1048.26
2018-04-17,NFLX,low,323.77
2018-04-18,AAPL,low,174.227
2018-04-18,AMZN,low,1504.11
2018-04-18,FB,low,165.77
2018-04-18,GOOG,low,1066.22
2018-04-18,NFLX,low,331.1
2018-04-19,AAPL,low,170.0703
2018-04-19,AMZN,low,1539.06
2018-04-19,FB,low,165.2
2018-04-19,GOOG,low,1068.18
2018-04-19,NFLX,low,326.77
2018-04-20,AAPL,low,162.9487
2018-04-20,AMZN,low,1516.09
2018-04-20,FB,low,165.81
2018-04-20,GOOG,low,1069.57
2018-04-20,NFLX,low,326.0
2018-04-23,AAPL,low,161.6288
2018-04-23,AMZN,low,1503.41
2018-04-23,FB,low,165.09
2018-04-23,GOOG,low,1060.7
2018-04-23,NFLX,low,317.08
2018-04-24,AAPL,low,158.8019
2018-04-24,AMZN,low,1448.45
2018-04-24,FB,low,158.19
2018-04-24,GOOG,low,1010.59
2018-04-24,NFLX,low,302.31
2018-04-25,AAPL,low,159.974
2018-04-25,AMZN,low,1415.02
2018-04-25,FB,low,156.19
2018-04-25,GOOG,low,1015.31
2018-04-25,NFLX,low,292.615
2018-04-26,AAPL,low,160.9196
2018-04-26,AMZN,low,1478.5
2018-04-26,FB,low,170.8
2018-04-26,GOOG,low,1018.19
2018-04-26,NFLX,low,305.58
2018-04-27,AAPL,low,158.2207
2018-04-27,AMZN,low,1567.39
2018-04-27,FB,low,172.6
2018-04-27,GOOG,low,1025.59
2018-04-27,NFLX,low,306.5
2018-04-30,AAPL,low,159.4125
2018-04-30,AMZN,low,1560.94
2018-04-30,FB,low,171.71
2018-04-30,GOOG,low,1016.85
2018-04-30,NFLX,low,310.118
2018-05-01,AAPL,low,162.7911
2018-05-01,AMZN,low,1552.18
2018-05-01,FB,low,170.23
2018-05-01,GOOG,low,1008.21
2018-05-01,NFLX,low,306.69
2018-05-02,AAPL,low,171.1932
2018-05-02,AMZN,low,1566.36
2018-05-02,FB,low,174.2
2018-05-02,GOOG,low,1022.87
2018-05-02,NFLX,low,310.4034
2018-05-03,AAPL,low,171.8246
2018-05-03,AMZN,low,1546.02
2018-05-03,FB,low,172.12
2018-05-03,GOOG,low,1006.29
2018-05-03,NFLX,low,305.73
2018-05-04,AAPL,low,175.4976
2018-05-04,AMZN,low,1562.19
2018-05-04,FB,low,173.06
2018-05-04,GOOG,low,1016.9
2018-05-04,NFLX,low,307.67
2018-05-07,AAPL,low,181.9789
2018-05-07,AMZN,low,1587.83
2018-05-07,FB,low,177.17
2018-05-07,GOOG,low,1047.1
2018-05-07,NFLX,low,319.34
2018-05-08,AAPL,low,180.9102
2018-05-08,AMZN,low,1582.51
2018-05-08,FB,low,177.11
2018-05-08,GOOG,low,1047.14
2018-05-08,NFLX,low,323.05
2018-05-09,AAPL,low,182.4419
2018-05-09,AMZN,low,1592.0
2018-05-09,FB,low,178.7807
2018-05-09,GOOG,low,1056.37
2018-05-09,NFLX,low,327.51
2018-05-10,AAPL,low,184.8354
2018-05-10,AMZN,low,1603.44
2018-05-10,FB,low,182.5
2018-05-10,GOOG,low,1085.64
2018-05-10,NFLX,low,327.3438
2018-05-11,AAPL,low,185.3503
2018-05-11,AMZN,low,1597.89
2018-05-11,FB,low,184.18
2018-05-11,GOOG,low,1090.91
2018-05-11,NFLX,low,324.87
2018-05-14,AAPL,low,185.7558
2018-05-14,AMZN,low,1600.05
2018-05-14,FB,low,186.2
2018-05-14,GOOG,low,1099.11
2018-05-14,NFLX,low,327.04
2018-05-15,AAPL,low,183.0267
2018-05-15,AMZN,low,1565.22
2018-05-15,FB,low,183.2
2018-05-15,GOOG,low,1073.47
2018-05-15,NFLX,low,322.434
2018-05-16,AAPL,low,183.9166
2018-05-16,AMZN,low,1576.67
2018-05-16,FB,low,182.66
2018-05-16,GOOG,low,1076.26
2018-05-16,NFLX,low,325.14
2018-05-17,AAPL,low,184.2726
2018-05-17,AMZN,low,1573.0
2018-05-17,FB,low,182.22
2018-05-17,GOOG,low,1073.5
2018-05-17,NFLX,low,323.1734
2018-05-18,AAPL,low,184.0451
2018-05-18,AMZN,low,1572.1
2018-05-18,FB,low,182.61
2018-05-18,GOOG,low,1060.68
2018-05-18,NFLX,low,322.8
2018-05-21,AAPL,low,184.817
2018-05-21,AMZN,low,1575.0
2018-05-21,FB,low,183.13
2018-05-21,GOOG,low,1073.65
2018-05-21,NFLX,low,325.45
2018-05-22,AAPL,low,184.6879
2018-05-22,AMZN,low,1575.25
2018-05-22,FB,low,183.43
2018-05-22,GOOG,low,1066.69
2018-05-22,NFLX,low,331.15
2018-05-23,AAPL,low,183.6793
2018-05-23,AMZN,low,1566.34
2018-05-23,FB,low,182.18
2018-05-23,GOOG,low,1061.71
2018-05-23,NFLX,low,328.09
2018-05-24,AAPL,low,184.1242
2018-05-24,AMZN,low,1588.38
2018-05-24,FB,low,185.03
2018-05-24,GOOG,low,1066.15
2018-05-24,NFLX,low,341.12
2018-05-25,AAPL,low,185.5481
2018-05-25,AMZN,low,1600.45
2018-05-25,FB,low,184.45
2018-05-25,GOOG,low,1073.78
2018-05-25,NFLX,low,348.83
2018-05-29,AAPL,low,184.7768
2018-05-29,AMZN,low,1600.15
2018-05-29,FB,low,183.71
2018-05-29,GOOG,low,1055.22
2018-05-29,NFLX,low,346.71
2018-05-30,AAPL,low,184.6879
2018-05-30,AMZN,low,1612.93
2018-05-30,FB,low,185.25
2018-05-30,GOOG,low,1056.83
2018-05-30,NFLX,low,349.26
2018-05-31,AAPL,low,184.055
2018-05-31,AMZN,low,1621.35
2018-05-31,FB,low,187.48
2018-05-31,GOOG,low,1067.56
2018-05-31,NFLX,low,350.21
2018-06-01,AAPL,low,185.647
2018-06-01,AMZN,low,1635.09
2018-06-01,FB,low,192.07
2018-06-01,GOOG,low,1098.5
2018-06-01,NFLX,low,352.82
2018-06-04,AAPL,low,189.2067
2018-06-04,AMZN,low,1645.49
2018-06-04,FB,low,191.47
2018-06-04,GOOG,low,1122.01
2018-06-04,NFLX,low,355.51
2018-06-05,AAPL,low,190.2054
2018-06-05,AMZN,low,1670.06
2018-06-05,FB,low,192.62
2018-06-05,GOOG,low,1133.19
2018-06-05,NFLX,low,361.4124
2018-06-06,AAPL,low,189.7703
2018-06-06,AMZN,low,1686.47
2018-06-06,FB,low,189.11
2018-06-06,GOOG,low,1125.74
2018-06-06,NFLX,low,363.33
2018-06-07,AAPL,low,190.1806
2018-06-07,AMZN,low,1676.11
2018-06-07,FB,low,186.77
2018-06-07,GOOG,low,1116.52
2018-06-07,NFLX,low,357.8
2018-06-08,AAPL,low,187.6444
2018-06-08,AMZN,low,1673.01
2018-06-08,FB,low,186.43
2018-06-08,GOOG,low,1112.15
2018-06-08,NFLX,low,356.25
2018-06-11,AAPL,low,188.0794
2018-06-11,AMZN,low,1680.59
2018-06-11,FB,low,188.8
2018-06-11,GOOG,low,1118.6
2018-06-11,NFLX,low,360.91
2018-06-12,AAPL,low,189.0089
2018-06-12,AMZN,low,1691.52
2018-06-12,FB,low,191.56
2018-06-12,GOOG,low,1130.73
2018-06-12,NFLX,low,362.0
2018-06-13,AAPL,low,188.3069
2018-06-13,AMZN,low,1700.12
2018-06-13,FB,low,191.91
2018-06-13,GOOG,low,1133.38
2018-06-13,NFLX,low,364.11
2018-06-14,AAPL,low,188.0893
2018-06-14,AMZN,low,1708.87
2018-06-14,FB,low,192.91
2018-06-14,GOOG,low,1140.64
2018-06-14,NFLX,low,383.25
2018-06-15,AAPL,low,186.1513
2018-06-15,AMZN,low,1708.52
2018-06-15,FB,low,194.64
2018-06-15,GOOG,low,1143.48
2018-06-15,NFLX,low,387.51
2018-06-18,AAPL,low,185.1031
2018-06-18,AMZN,low,1702.56
2018-06-18,FB,low,194.13
2018-06-18,GOOG,low,1143.59
2018-06-18,NFLX,low,386.5
2018-06-19,AAPL,low,181.3952
2018-06-19,AMZN,low,1700.39
2018-06-19,FB,low,193.79
2018-06-19,GOOG,low,1154.01
2018-06-19,NFLX,low,388.5
2018-06-20,AAPL,low,183.6496
2018-06-20,AMZN,low,1741.36
2018-06-20,FB,low,198.805
2018-06-20,GOOG,low,1169.16
2018-06-20,NFLX,low,409.6
2018-06-21,AAPL,low,182.8685
2018-06-21,AMZN,low,1717.56
2018-06-21,FB,low,200.09
2018-06-21,GOOG,low,1152.23
2018-06-21,NFLX,low,406.3701
2018-06-22,AAPL,low,182.6312
2018-06-22,AMZN,low,1711.9
2018-06-22,FB,low,199.31
2018-06-22,GOOG,low,1147.26
2018-06-22,NFLX,low,409.651
2018-06-25,AAPL,low,178.7056
2018-06-25,AMZN,low,1646.31
2018-06-25,FB,low,193.11
2018-06-25,GOOG,low,1112.78
2018-06-25,NFLX,low,378.75
2018-06-26,AAPL,low,180.4953
2018-06-26,AMZN,low,1663.34
2018-06-26,FB,low,196.23
2018-06-26,GOOG,low,1116.66
2018-06-26,NFLX,low,389.05
2018-06-27,AAPL,low,181.9687
2018-06-27,AMZN,low,1660.0
2018-06-27,FB,low,195.8
2018-06-27,GOOG,low,1103.62
2018-06-27,NFLX,low,390.0
2018-06-28,AAPL,low,181.7412
2018-06-28,AMZN,low,1661.17
2018-06-28,FB,low,193.26
2018-06-28,GOOG,low,1096.01
2018-06-28,NFLX,low,387.1
2018-06-29,AAPL,low,180.8612
2018-06-29,AMZN,low,1694.32
2018-06-29,FB,low,193.955
2018-06-29,GOOG,low,1115.0
2018-06-29,NFLX,low,390.55
2018-07-02,AAPL,low,181.3655
2018-07-02,AMZN,low,1678.06
2018-07-02,FB,low,192.22
2018-07-02,GOOG,low,1093.8
2018-07-02,NFLX,low,380.0
2018-07-03,AAPL,low,181.4841
2018-07-03,AMZN,low,1692.48
2018-07-03,FB,low,192.52
2018-07-03,GOOG,low,1100.02
2018-07-03,NFLX,low,389.5
2018-07-05,AAPL,low,182.2159
2018-07-05,AMZN,low,1682.15
2018-07-05,FB,low,194.03
2018-07-05,GOOG,low,1108.48
2018-07-05,NFLX,low,390.86
2018-07-06,AAPL,low,183.1256
2018-07-06,AMZN,low,1691.67
2018-07-06,FB,low,197.7
2018-07-06,GOOG,low,1120.74
2018-07-06,NFLX,low,395.5225
2018-07-09,AAPL,low,187.1796
2018-07-09,AMZN,low,1716.23
2018-07-09,FB,low,202.1201
2018-07-09,GOOG,low,1143.42
2018-07-09,NFLX,low,411.1
2018-07-10,AAPL,low,188.0499
2018-07-10,AMZN,low,1731.0
2018-07-10,FB,low,202.26
2018-07-10,GOOG,low,1149.59
2018-07-10,NFLX,low,413.08
2018-07-11,AAPL,low,185.5086
2018-07-11,AMZN,low,1734.0
2018-07-11,FB,low,201.75
2018-07-11,GOOG,low,1141.0
2018-07-11,NFLX,low,410.6
2018-07-12,AAPL,low,187.1895
2018-07-12,AMZN,low,1762.18
2018-07-12,FB,low,203.19
2018-07-12,GOOG,low,1155.93
2018-07-12,NFLX,low,407.8
2018-07-13,AAPL,low,188.7617
2018-07-13,AMZN,low,1795.22
2018-07-13,FB,low,206.45
2018-07-13,GOOG,low,1180.0
2018-07-13,NFLX,low,395.081
2018-07-16,AAPL,low,188.2821
2018-07-16,AMZN,low,1814.45
2018-07-16,FB,low,206.84
2018-07-16,GOOG,low,1179.28
2018-07-16,NFLX,low,391.75
2018-07-17,AAPL,low,187.0807
2018-07-17,AMZN,low,1797.38
2018-07-17,FB,low,204.84
2018-07-17,GOOG,low,1170.6
2018-07-17,NFLX,low,344.0
2018-07-18,AAPL,low,187.8026
2018-07-18,AMZN,low,1831.27
2018-07-18,FB,low,208.44
2018-07-18,GOOG,low,1190.34
2018-07-18,NFLX,low,372.3552
2018-07-19,AAPL,low,187.5653
2018-07-19,AMZN,low,1811.27
2018-07-19,FB,low,207.76
2018-07-19,GOOG,low,1183.32
2018-07-19,NFLX,low,363.0
2018-07-20,AAPL,low,188.0399
2018-07-20,AMZN,low,1810.06
2018-07-20,FB,low,208.5
2018-07-20,GOOG,low,1184.22
2018-07-20,NFLX,low,360.14
2018-07-23,AAPL,low,187.4367
2018-07-23,AMZN,low,1769.99
2018-07-23,FB,low,208.8
2018-07-23,GOOG,low,1181.0
2018-07-23,NFLX,low,353.6
2018-07-24,AAPL,low,189.8988
2018-07-24,AMZN,low,1809.38
2018-07-24,FB,low,212.6
2018-07-24,GOOG,low,1235.56
2018-07-24,NFLX,low,354.56
2018-07-25,AAPL,low,190.2746
2018-07-25,AMZN,low,1822.64
2018-07-25,FB,low,214.27
2018-07-25,GOOG,low,1239.13
2018-07-25,NFLX,low,355.65
2018-07-26,AAPL,low,191.4414
2018-07-26,AMZN,low,1804.5
2018-07-26,FB,low,173.75
2018-07-26,GOOG,low,1249.02
2018-07-26,NFLX,low,356.625
2018-07-27,AAPL,low,187.9707
2018-07-27,AMZN,low,1806.53
2018-07-27,FB,low,173.0
2018-07-27,GOOG,low,1231.0
2018-07-27,NFLX,low,351.65
2018-07-30,AAPL,low,186.9522
2018-07-30,AMZN,low,1766.02
2018-07-30,FB,low,166.56
2018-07-30,GOOG,low,1211.47
2018-07-30,NFLX,low,334.0201
2018-07-31,AAPL,low,187.2192
2018-07-31,AMZN,low,1739.32
2018-07-31,FB,low,170.0
2018-07-31,GOOG,low,1205.6
2018-07-31,NFLX,low,328.0
2018-08-01,AAPL,low,195.0999
2018-08-01,AMZN,low,1776.02
2018-08-01,FB,low,170.9
2018-08-01,GOOG,low,1210.21
2018-08-01,NFLX,low,334.02
2018-08-02,AAPL,low,198.1059
2018-08-02,AMZN,low,1786.0
2018-08-02,FB,low,170.27
2018-08-02,GOOG,low,1204.79
2018-08-02,NFLX,low,334.71
2018-08-03,AAPL,low,203.1787
2018-08-03,AMZN,low,1821.5
2018-08-03,FB,low,176.15
2018-08-03,GOOG,low,1215.06
2018-08-03,NFLX,low,338.4768
2018-08-06,AAPL,low,204.7506
2018-08-06,AMZN,low,1818.92
2018-08-06,FB,low,178.38
2018-08-06,GOOG,low,1215.8
2018-08-06,NFLX,low,341.74
2018-08-07,AAPL,low,204.4441
2018-08-07,AMZN,low,1846.27
2018-08-07,FB,low,183.72
2018-08-07,GOOG,low,1236.17
2018-08-07,NFLX,low,349.01
2018-08-08,AAPL,low,202.2291
2018-08-08,AMZN,low,1854.5
2018-08-08,FB,low,183.76
2018-08-08,GOOG,low,1238.01
2018-08-08,NFLX,low,346.61
2018-08-09,AAPL,low,204.8791
2018-08-09,AMZN,low,1877.48
2018-08-09,FB,low,182.48
2018-08-09,GOOG,low,1246.01
2018-08-09,NFLX,low,345.8157
2018-08-10,AAPL,low,205.0718
2018-08-10,AMZN,low,1878.21
2018-08-10,FB,low,179.42
2018-08-10,GOOG,low,1232.0
2018-08-10,NFLX,low,344.4233
2018-08-13,AAPL,low,206.0938
2018-08-13,AMZN,low,1893.67
2018-08-13,FB,low,178.9
2018-08-13,GOOG,low,1233.64
2018-08-13,NFLX,low,339.07
2018-08-14,AAPL,low,206.6495
2018-08-14,AMZN,low,1900.0
2018-08-14,FB,low,178.62
2018-08-14,GOOG,low,1225.11
2018-08-14,NFLX,low,336.25
2018-08-15,AAPL,low,206.719
2018-08-15,AMZN,low,1869.79
2018-08-15,FB,low,174.78
2018-08-15,GOOG,low,1209.51
2018-08-15,NFLX,low,321.0
2018-08-16,AAPL,low,209.8347
2018-08-16,AMZN,low,1883.55
2018-08-16,FB,low,174.01
2018-08-16,GOOG,low,1202.55
2018-08-16,NFLX,low,321.2138
2018-08-17,AAPL,low,211.5116
2018-08-17,AMZN,low,1855.55
2018-08-17,FB,low,172.04
2018-08-17,GOOG,low,1188.24
2018-08-17,NFLX,low,312.96
2018-08-20,AAPL,low,213.4465
2018-08-20,AMZN,low,1866.06
2018-08-20,FB,low,170.91
2018-08-20,GOOG,low,1194.63
2018-08-20,NFLX,low,310.928
2018-08-21,AAPL,low,212.3699
2018-08-21,AMZN,low,1874.4
2018-08-21,FB,low,171.39
2018-08-21,GOOG,low,1200.35
2018-08-21,NFLX,low,329.7
2018-08-22,AAPL,low,212.1863
2018-08-22,AMZN,low,1876.64
2018-08-22,FB,low,172.13
2018-08-22,GOOG,low,1199.0
2018-08-22,NFLX,low,337.406
2018-08-23,AAPL,low,212.9405
2018-08-23,AMZN,low,1900.76
2018-08-23,FB,low,172.83
2018-08-23,GOOG,low,1204.24
2018-08-23,NFLX,low,337.65
2018-08-24,AAPL,low,213.4465
2018-08-24,AMZN,low,1902.54
2018-08-24,FB,low,172.92
2018-08-24,GOOG,low,1206.36
2018-08-24,NFLX,low,344.541
2018-08-27,AAPL,low,214.6571
2018-08-27,AMZN,low,1909.28
2018-08-27,FB,low,175.79
2018-08-27,GOOG,low,1225.72
2018-08-27,NFLX,low,360.0
2018-08-28,AAPL,low,217.2271
2018-08-28,AMZN,low,1928.82
2018-08-28,FB,low,175.83
2018-08-28,GOOG,low,1228.69
2018-08-28,NFLX,low,360.38
2018-08-29,AAPL,low,217.7133
2018-08-29,AMZN,low,1948.94
2018-08-29,FB,low,174.75
2018-08-29,GOOG,low,1236.36
2018-08-29,NFLX,low,362.91
2018-08-30,AAPL,low,220.6801
2018-08-30,AMZN,low,1986.9
2018-08-30,FB,low,175.7
2018-08-30,GOOG,low,1232.59
2018-08-30,NFLX,low,363.54
2018-08-31,AAPL,low,224.2523
2018-08-31,AMZN,low,2004.74
2018-08-31,FB,low,174.9815
2018-08-31,GOOG,low,1211.29
2018-08-31,NFLX,low,367.0766
2018-09-04,AAPL,low,224.8774
2018-09-04,AMZN,low,2013.0
2018-09-04,FB,low,168.8
2018-09-04,GOOG,low,1192.5
2018-09-04,NFLX,low,361.26
2018-09-05,AAPL,low,223.3593
2018-09-05,AMZN,low,1989.89
2018-09-05,FB,low,166.67
2018-09-05,GOOG,low,1162.0
2018-09-05,NFLX,low,335.83
2018-09-06,AAPL,low,219.5887
2018-09-06,AMZN,low,1935.21
2018-09-06,FB,low,160.0
2018-09-06,GOOG,low,1152.0
2018-09-06,NFLX,low,341.99
2018-09-07,AAPL,low,219.0032
2018-09-07,AMZN,low,1937.35
2018-09-07,FB,low,160.16
2018-09-07,GOOG,low,1157.21
2018-09-07,NFLX,low,341.25
2018-09-10,AAPL,low,214.796
2018-09-10,AMZN,low,1931.52
2018-09-10,FB,low,162.16
2018-09-10,GOOG,low,1160.11
2018-09-10,NFLX,low,343.08
2018-09-11,AAPL,low,214.8853
2018-09-11,AMZN,low,1917.0
2018-09-11,FB,low,163.72
2018-09-11,GOOG,low,1156.24
2018-09-11,NFLX,low,343.9001
2018-09-12,AAPL,low,218.1399
2018-09-12,AMZN,low,1962.44
2018-09-12,FB,low,161.8
2018-09-12,GOOG,low,1158.36
2018-09-12,NFLX,low,356.24
2018-09-13,AAPL,low,220.8488
2018-09-13,AMZN,low,1982.03
2018-09-13,FB,low,160.86
2018-09-13,GOOG,low,1162.85
2018-09-13,NFLX,low,366.84
2018-09-14,AAPL,low,220.8012
2018-09-14,AMZN,low,1959.22
2018-09-14,FB,low,160.34
2018-09-14,GOOG,low,1168.33
2018-09-14,NFLX,low,363.46
2018-09-17,AAPL,low,215.5898
2018-09-17,AMZN,low,1887.41
2018-09-17,FB,low,159.77
2018-09-17,GOOG,low,1154.03
2018-09-17,NFLX,low,349.57
2018-09-18,AAPL,low,215.441
2018-09-18,AMZN,low,1915.44
2018-09-18,FB,low,158.8656
2018-09-18,GOOG,low,1157.09
2018-09-18,NFLX,low,351.56
2018-09-19,AAPL,low,213.6351
2018-09-19,AMZN,low,1904.9
2018-09-19,FB,low,159.48
2018-09-19,GOOG,low,1154.58
2018-09-19,NFLX,low,359.17
2018-09-20,AAPL,low,217.4553
2018-09-20,AMZN,low,1932.25
2018-09-20,FB,low,164.4722
2018-09-20,GOOG,low,1173.36
2018-09-20,NFLX,low,363.17
2018-09-21,AAPL,low,215.6097
2018-09-21,AMZN,low,1910.5
2018-09-21,FB,low,162.81
2018-09-21,GOOG,low,1166.04
2018-09-21,NFLX,low,360.74
2018-09-24,AAPL,low,214.9548
2018-09-24,AMZN,low,1865.0
2018-09-24,FB,low,160.88
2018-09-24,GOOG,low,1146.91
2018-09-24,NFLX,low,354.33
2018-09-25,AAPL,low,218.001
2018-09-25,AMZN,low,1938.85
2018-09-25,FB,low,161.15
2018-09-25,GOOG,low,1168.0
2018-09-25,NFLX,low,364.492
2018-09-26,AAPL,low,218.0606
2018-09-26,AMZN,low,1961.52
2018-09-26,FB,low,164.21
2018-09-26,GOOG,low,1174.77
2018-09-26,NFLX,low,370.88
2018-09-27,AAPL,low,221.8113
2018-09-27,AMZN,low,1988.58
2018-09-27,FB,low,167.21
2018-09-27,GOOG,low,1183.63
2018-09-27,NFLX,low,376.0
2018-09-28,AAPL,low,222.2876
2018-09-28,AMZN,low,1996.46
2018-09-28,FB,low,162.56
2018-09-28,GOOG,low,1184.5
2018-09-28,NFLX,low,373.73
2018-10-01,AAPL,low,224.5996
2018-10-01,AMZN,low,2003.6
2018-10-01,FB,low,161.26
2018-10-01,GOOG,low,1190.3
2018-10-01,NFLX,low,375.59
2018-10-02,AAPL,low,224.8774
2018-10-02,AMZN,low,1965.77
2018-10-02,FB,low,158.67
2018-10-02,GOOG,low,1186.63
2018-10-02,NFLX,low,373.83
2018-10-03,AAPL,low,228.0031
2018-10-03,AMZN,low,1949.81
2018-10-03,FB,low,159.53
2018-10-03,GOOG,low,1193.83
2018-10-03,NFLX,low,374.881
2018-10-04,AAPL,low,224.9767
2018-10-04,AMZN,low,1896.57
2018-10-04,FB,low,157.35
2018-10-04,GOOG,low,1155.58
2018-10-04,NFLX,low,360.4
2018-10-05,AAPL,low,218.8742
2018-10-05,AMZN,low,1862.83
2018-10-05,FB,low,156.2
2018-10-05,GOOG,low,1145.12
2018-10-05,NFLX,low,343.0
2018-10-08,AAPL,low,218.4972
2018-10-08,AMZN,low,1830.66
2018-10-08,FB,low,154.39
2018-10-08,GOOG,low,1127.36
2018-10-08,NFLX,low,338.11
2018-10-09,AAPL,low,220.5275
2018-10-09,AMZN,low,1852.32
2018-10-09,FB,low,157.42
2018-10-09,GOOG,low,1137.57
2018-10-09,NFLX,low,347.09
2018-10-10,AAPL,low,214.3793
2018-10-10,AMZN,low,1754.41
2018-10-10,FB,low,151.31
2018-10-10,GOOG,low,1081.13
2018-10-10,NFLX,low,325.39
2018-10-11,AAPL,low,210.6781
2018-10-11,AMZN,low,1685.1
2018-10-11,FB,low,149.16
2018-10-11,GOOG,low,1068.27
2018-10-11,NFLX,low,315.81
2018-10-12,AAPL,low,215.1631
2018-10-12,AMZN,low,1742.53
2018-10-12,FB,low,151.2998
2018-10-12,GOOG,low,1086.4
2018-10-12,NFLX,low,328.9
2018-10-15,AAPL,low,215.5898
2018-10-15,AMZN,low,1734.23
2018-10-15,FB,low,152.55
2018-10-15,GOOG,low,1089.0
2018-10-15,NFLX,low,326.93
2018-10-16,AAPL,low,215.0864
2018-10-16,AMZN,low,1761.55
2018-10-16,FB,low,155.01
2018-10-16,GOOG,low,1102.5
2018-10-16,NFLX,low,330.555
2018-10-17,AAPL,low,217.6438
2018-10-17,AMZN,low,1807.0
2018-10-17,FB,low,157.95
2018-10-17,GOOG,low,1102.19
2018-10-17,NFLX,low,356.5
2018-10-18,AAPL,low,211.3528
2018-10-18,AMZN,low,1767.87
2018-10-18,FB,low,153.28
2018-10-18,GOOG,low,1077.09
2018-10-18,NFLX,low,346.05
2018-10-19,AAPL,low,215.7486
2018-10-19,AMZN,low,1753.0
2018-10-19,FB,low,153.55
2018-10-19,GOOG,low,1087.75
2018-10-19,NFLX,low,332.2
2018-10-22,AAPL,low,217.2469
2018-10-22,AMZN,low,1756.0
2018-10-22,FB,low,154.46
2018-10-22,GOOG,low,1091.0
2018-10-22,NFLX,low,320.34
2018-10-23,AAPL,low,213.0397
2018-10-23,AMZN,low,1714.0
2018-10-23,FB,low,150.85
2018-10-23,GOOG,low,1070.0
2018-10-23,NFLX,low,316.77
2018-10-24,AAPL,low,212.8809
2018-10-24,AMZN,low,1656.56
2018-10-24,FB,low,145.6
2018-10-24,GOOG,low,1048.74
2018-10-24,NFLX,low,300.73
2018-10-25,AAPL,low,215.0738
2018-10-25,AMZN,low,1692.01
2018-10-25,FB,low,147.0
2018-10-25,GOOG,low,1069.55
2018-10-25,NFLX,low,305.25
2018-10-26,AAPL,low,211.0254
2018-10-26,AMZN,low,1603.0
2018-10-26,FB,low,143.8
2018-10-26,GOOG,low,1034.09
2018-10-26,NFLX,low,292.3
2018-10-29,AAPL,low,204.4963
2018-10-29,AMZN,low,1495.0
2018-10-29,FB,low,139.03
2018-10-29,GOOG,low,995.83
2018-10-29,NFLX,low,275.4
2018-10-30,AAPL,low,207.6517
2018-10-30,AMZN,low,1476.36
2018-10-30,FB,low,139.7419
2018-10-30,GOOG,low,1000.75
2018-10-30,NFLX,low,271.2093
2018-10-31,AAPL,low,214.9448
2018-10-31,AMZN,low,1565.09
2018-10-31,FB,low,148.96
2018-10-31,GOOG,low,1057.0
2018-10-31,NFLX,low,295.05
2018-11-01,AAPL,low,215.1334
2018-11-01,AMZN,low,1598.44
2018-11-01,FB,low,149.35
2018-11-01,GOOG,low,1062.46
2018-11-01,NFLX,low,296.67
2018-11-02,AAPL,low,203.8414
2018-11-02,AMZN,low,1651.83
2018-11-02,FB,low,148.96
2018-11-02,GOOG,low,1054.61
2018-11-02,NFLX,low,308.33
2018-11-05,AAPL,low,196.6375
2018-11-05,AMZN,low,1596.36
2018-11-05,FB,low,147.44
2018-11-05,GOOG,low,1021.24
2018-11-05,NFLX,low,303.74
2018-11-06,AAPL,low,200.1303
2018-11-06,AMZN,low,1614.55
2018-11-06,FB,low,148.0
2018-11-06,GOOG,low,1038.07
2018-11-06,NFLX,low,305.3
2018-11-07,AAPL,low,202.5514
2018-11-07,AMZN,low,1664.08
2018-11-07,FB,low,149.83
2018-11-07,GOOG,low,1065.9
2018-11-07,NFLX,low,311.0
2018-11-08,AAPL,low,205.867
2018-11-08,AMZN,low,1725.11
2018-11-08,FB,low,146.74
2018-11-08,GOOG,low,1072.2
2018-11-08,NFLX,low,316.6103
2018-11-09,AAPL,low,201.3862
2018-11-09,AMZN,low,1701.87
2018-11-09,FB,low,144.07
2018-11-09,GOOG,low,1053.11
2018-11-09,NFLX,low,298.01
2018-11-12,AAPL,low,192.9623
2018-11-12,AMZN,low,1630.01
2018-11-12,FB,low,140.4899
2018-11-12,GOOG,low,1031.0
2018-11-12,NFLX,low,290.63
2018-11-13,AAPL,low,190.6324
2018-11-13,AMZN,low,1613.75
2018-11-13,FB,low,141.62
2018-11-13,GOOG,low,1031.15
2018-11-13,NFLX,low,289.1
2018-11-14,AAPL,low,185.1359
2018-11-14,AMZN,low,1597.07
2018-11-14,FB,low,141.55
2018-11-14,GOOG,low,1031.0
2018-11-14,NFLX,low,278.2969
2018-11-15,AAPL,low,186.1018
2018-11-15,AMZN,low,1546.51
2018-11-15,FB,low,140.83
2018-11-15,GOOG,low,1031.78
2018-11-15,NFLX,low,282.16
2018-11-16,AAPL,low,188.6508
2018-11-16,AMZN,low,1573.12
2018-11-16,FB,low,137.77
2018-11-16,GOOG,low,1048.98
2018-11-16,NFLX,low,281.0
2018-11-19,AAPL,low,184.1999
2018-11-19,AMZN,low,1503.36
2018-11-19,FB,low,131.21
2018-11-19,GOOG,low,1016.26
2018-11-19,NFLX,low,269.15
2018-11-20,AAPL,low,174.7604
2018-11-20,AMZN,low,1420.0
2018-11-20,FB,low,126.85
2018-11-20,GOOG,low,996.02
2018-11-20,NFLX,low,250.0
2018-11-21,AAPL,low,175.796
2018-11-21,AMZN,low,1515.0
2018-11-21,FB,low,134.13
2018-11-21,GOOG,low,1033.47
2018-11-21,NFLX,low,261.51
2018-11-23,AAPL,low,171.365
2018-11-23,AMZN,low,1501.81
2018-11-23,FB,low,131.2551
2018-11-23,GOOG,low,1022.4
2018-11-23,NFLX,low,256.84
2018-11-26,AAPL,low,169.5328
2018-11-26,AMZN,low,1524.22
2018-11-26,FB,low,132.78
2018-11-26,GOOG,low,1033.91
2018-11-26,NFLX,low,253.8
2018-11-27,AAPL,low,170.1502
2018-11-27,AMZN,low,1558.01
2018-11-27,FB,low,133.71
2018-11-27,GOOG,low,1038.49
2018-11-27,NFLX,low,256.14
2018-11-28,AAPL,low,174.1829
2018-11-28,AMZN,low,1601.21
2018-11-28,FB,low,131.85
2018-11-28,GOOG,low,1035.76
2018-11-28,NFLX,low,263.34
2018-11-29,AAPL,low,176.94099999999997
2018-11-29,AMZN,low,1652.33
2018-11-29,FB,low,135.66
2018-11-29,GOOG,low,1076.0
2018-11-29,NFLX,low,275.5
2018-11-30,AAPL,low,176.2739
2018-11-30,AMZN,low,1666.5
2018-11-30,FB,low,137.36
2018-11-30,GOOG,low,1077.88
2018-11-30,NFLX,low,283.061
2018-12-03,AAPL,low,180.4361
2018-12-03,AMZN,low,1730.0
2018-12-03,FB,low,140.76
2018-12-03,GOOG,low,1103.66
2018-12-03,NFLX,low,284.58
2018-12-04,AAPL,low,175.5172
2018-12-04,AMZN,low,1665.0
2018-12-04,FB,low,137.16
2018-12-04,GOOG,low,1049.98
2018-12-04,NFLX,low,274.72
2018-12-06,AAPL,low,169.6921
2018-12-06,AMZN,low,1609.85
2018-12-06,FB,low,133.67
2018-12-06,GOOG,low,1030.77
2018-12-06,NFLX,low,267.14
2018-12-07,AAPL,low,167.5812
2018-12-07,AMZN,low,1625.46
2018-12-07,FB,low,136.6566
2018-12-07,GOOG,low,1028.5
2018-12-07,NFLX,low,263.38
2018-12-10,AAPL,low,162.6324
2018-12-10,AMZN,low,1590.87
2018-12-10,FB,low,139.01
2018-12-10,GOOG,low,1023.29
2018-12-10,NFLX,low,260.6094
2018-12-11,AAPL,low,166.2867
2018-12-11,AMZN,low,1619.6
2018-12-11,FB,low,141.1
2018-12-11,GOOG,low,1039.84
2018-12-11,NFLX,low,262.76
2018-12-12,AAPL,low,168.2981
2018-12-12,AMZN,low,1660.27
2018-12-12,FB,low,142.51
2018-12-12,GOOG,low,1062.79
2018-12-12,NFLX,low,266.48
2018-12-13,AAPL,low,168.8259
2018-12-13,AMZN,low,1641.5
2018-12-13,FB,low,143.19
2018-12-13,GOOG,low,1053.93
2018-12-13,NFLX,low,271.85
2018-12-14,AAPL,low,164.5741
2018-12-14,AMZN,low,1585.0
2018-12-14,FB,low,142.51
2018-12-14,GOOG,low,1040.79
2018-12-14,NFLX,low,265.0
2018-12-17,AAPL,low,162.035
2018-12-17,AMZN,low,1505.01
2018-12-17,FB,low,138.42
2018-12-17,GOOG,low,1007.9
2018-12-17,NFLX,low,261.075
2018-12-18,AAPL,low,163.6879
2018-12-18,AMZN,low,1523.01
2018-12-18,FB,low,139.8301
2018-12-18,GOOG,low,1021.44
2018-12-18,NFLX,low,263.29
2018-12-19,AAPL,low,158.4105
2018-12-19,AMZN,low,1483.18
2018-12-19,FB,low,132.5
2018-12-19,GOOG,low,1008.05
2018-12-19,NFLX,low,263.77
2018-12-20,AAPL,low,154.6367
2018-12-20,AMZN,low,1432.69
2018-12-20,FB,low,130.0
2018-12-20,GOOG,low,996.36
2018-12-20,NFLX,low,251.88
2018-12-21,AAPL,low,148.9909
2018-12-21,AMZN,low,1363.96
2018-12-21,FB,low,123.42
2018-12-21,GOOG,low,973.69
2018-12-21,NFLX,low,241.29
2018-12-24,AAPL,low,145.9639
2018-12-24,AMZN,low,1307.0
2018-12-24,FB,low,123.02
2018-12-24,GOOG,low,970.11
2018-12-24,NFLX,low,233.68
2018-12-26,AAPL,low,146.0934
2018-12-26,AMZN,low,1363.01
2018-12-26,FB,low,125.89
2018-12-26,GOOG,low,983.0
2018-12-26,NFLX,low,231.23
2018-12-27,AAPL,low,149.4291
2018-12-27,AMZN,low,1390.31
2018-12-27,FB,low,129.67
2018-12-27,GOOG,low,997.0
2018-12-27,NFLX,low,240.1
2018-12-28,AAPL,low,153.8899
2018-12-28,AMZN,low,1449.0
2018-12-28,FB,low,132.2
2018-12-28,GOOG,low,1033.1
2018-12-28,NFLX,low,249.8
2018-12-31,AAPL,low,155.8117
2018-12-31,AMZN,low,1487.0
2018-12-31,FB,low,129.95
2018-12-31,GOOG,low,1023.59
2018-12-31,NFLX,low,260.0
2018-01-02,AAPL,close,168.9872
2018-01-02,AMZN,close,1189.01
2018-01-02,FB,close,181.42
2018-01-02,GOOG,close,1065.0
2018-01-02,NFLX,close,201.07
2018-01-03,AAPL,close,168.9578
2018-01-03,AMZN,close,1204.2
2018-01-03,FB,close,184.67
2018-01-03,GOOG,close,1082.48
2018-01-03,NFLX,close,205.05
2018-01-04,AAPL,close,169.7426
2018-01-04,AMZN,close,1209.59
2018-01-04,FB,close,184.33
2018-01-04,GOOG,close,1086.4
2018-01-04,NFLX,close,205.63
2018-01-05,AAPL,close,171.6751
2018-01-05,AMZN,close,1229.14
2018-01-05,FB,close,186.85
2018-01-05,GOOG,close,1102.23
2018-01-05,NFLX,close,209.99
2018-01-08,AAPL,close,171.0375
2018-01-08,AMZN,close,1246.87
2018-01-08,FB,close,188.28
2018-01-08,GOOG,close,1106.94
2018-01-08,NFLX,close,212.05
2018-01-09,AAPL,close,171.0179
2018-01-09,AMZN,close,1252.7
2018-01-09,FB,close,187.87
2018-01-09,GOOG,close,1106.26
2018-01-09,NFLX,close,209.31
2018-01-10,AAPL,close,170.9786
2018-01-10,AMZN,close,1254.33
2018-01-10,FB,close,187.84
2018-01-10,GOOG,close,1102.61
2018-01-10,NFLX,close,212.52
2018-01-11,AAPL,close,171.9498
2018-01-11,AMZN,close,1276.68
2018-01-11,FB,close,187.77
2018-01-11,GOOG,close,1105.52
2018-01-11,NFLX,close,217.24
2018-01-12,AAPL,close,173.7254
2018-01-12,AMZN,close,1305.2
2018-01-12,FB,close,179.37
2018-01-12,GOOG,close,1122.26
2018-01-12,NFLX,close,221.23
2018-01-16,AAPL,close,172.8425
2018-01-16,AMZN,close,1304.86
2018-01-16,FB,close,178.39
2018-01-16,GOOG,close,1121.76
2018-01-16,NFLX,close,221.53
2018-01-17,AAPL,close,175.6972
2018-01-17,AMZN,close,1295.0
2018-01-17,FB,close,177.6
2018-01-17,GOOG,close,1131.98
2018-01-17,NFLX,close,217.5
2018-01-18,AAPL,close,175.8542
2018-01-18,AMZN,close,1293.32
2018-01-18,FB,close,179.8
2018-01-18,GOOG,close,1129.79
2018-01-18,NFLX,close,220.33
2018-01-19,AAPL,close,175.0694
2018-01-19,AMZN,close,1294.58
2018-01-19,FB,close,181.29
2018-01-19,GOOG,close,1137.51
2018-01-19,NFLX,close,220.46
2018-01-22,AAPL,close,173.6371
2018-01-22,AMZN,close,1327.31
2018-01-22,FB,close,185.37
2018-01-22,GOOG,close,1155.81
2018-01-22,NFLX,close,227.58
2018-01-23,AAPL,close,173.6764
2018-01-23,AMZN,close,1362.54
2018-01-23,FB,close,189.35
2018-01-23,GOOG,close,1169.97
2018-01-23,NFLX,close,250.29
2018-01-24,AAPL,close,170.91
2018-01-24,AMZN,close,1357.51
2018-01-24,FB,close,186.55
2018-01-24,GOOG,close,1164.24
2018-01-24,NFLX,close,261.3
2018-01-25,AAPL,close,167.859
2018-01-25,AMZN,close,1377.95
2018-01-25,FB,close,187.48
2018-01-25,GOOG,close,1170.37
2018-01-25,NFLX,close,269.7
2018-01-26,AAPL,close,168.2514
2018-01-26,AMZN,close,1402.05
2018-01-26,FB,close,190.0
2018-01-26,GOOG,close,1175.84
2018-01-26,NFLX,close,274.6
2018-01-29,AAPL,close,164.7689
2018-01-29,AMZN,close,1417.68
2018-01-29,FB,close,185.98
2018-01-29,GOOG,close,1175.58
2018-01-29,NFLX,close,284.59
2018-01-30,AAPL,close,163.7977
2018-01-30,AMZN,close,1437.82
2018-01-30,FB,close,187.12
2018-01-30,GOOG,close,1163.69
2018-01-30,NFLX,close,278.8
2018-01-31,AAPL,close,164.24900000000002
2018-01-31,AMZN,close,1450.89
2018-01-31,FB,close,186.89
2018-01-31,GOOG,close,1169.94
2018-01-31,NFLX,close,270.3
2018-02-01,AAPL,close,164.5923
2018-02-01,AMZN,close,1390.0
2018-02-01,FB,close,193.09
2018-02-01,GOOG,close,1167.7
2018-02-01,NFLX,close,265.07
2018-02-02,AAPL,close,157.4506
2018-02-02,AMZN,close,1429.95
2018-02-02,FB,close,190.28
2018-02-02,GOOG,close,1111.9
2018-02-02,NFLX,close,267.43
2018-02-05,AAPL,close,153.5168
2018-02-05,AMZN,close,1390.0
2018-02-05,FB,close,181.26
2018-02-05,GOOG,close,1055.8
2018-02-05,NFLX,close,254.26
2018-02-06,AAPL,close,159.9326
2018-02-06,AMZN,close,1442.84
2018-02-06,FB,close,185.31
2018-02-06,GOOG,close,1080.6
2018-02-06,NFLX,close,265.72
2018-02-07,AAPL,close,156.5089
2018-02-07,AMZN,close,1416.78
2018-02-07,FB,close,180.18
2018-02-07,GOOG,close,1048.58
2018-02-07,NFLX,close,264.56
2018-02-08,AAPL,close,152.2023
2018-02-08,AMZN,close,1350.5
2018-02-08,FB,close,171.58
2018-02-08,GOOG,close,1001.52
2018-02-08,NFLX,close,250.1
2018-02-09,AAPL,close,154.064
2018-02-09,AMZN,close,1339.6
2018-02-09,FB,close,176.11
2018-02-09,GOOG,close,1037.78
2018-02-09,NFLX,close,249.47
2018-02-12,AAPL,close,160.2695
2018-02-12,AMZN,close,1386.23
2018-02-12,FB,close,176.41
2018-02-12,GOOG,close,1051.94
2018-02-12,NFLX,close,257.95
2018-02-13,AAPL,close,161.875
2018-02-13,AMZN,close,1414.51
2018-02-13,FB,close,173.15
2018-02-13,GOOG,close,1052.1
2018-02-13,NFLX,close,258.27
2018-02-14,AAPL,close,164.8596
2018-02-14,AMZN,close,1451.05
2018-02-14,FB,close,179.52
2018-02-14,GOOG,close,1069.7
2018-02-14,NFLX,close,266.0
2018-02-15,AAPL,close,170.3953
2018-02-15,AMZN,close,1461.76
2018-02-15,FB,close,179.96
2018-02-15,GOOG,close,1089.52
2018-02-15,NFLX,close,280.27
2018-02-16,AAPL,close,169.8437
2018-02-16,AMZN,close,1448.69
2018-02-16,FB,close,177.36
2018-02-16,GOOG,close,1094.8
2018-02-16,NFLX,close,278.52
2018-02-20,AAPL,close,169.2724
2018-02-20,AMZN,close,1468.35
2018-02-20,FB,close,176.01
2018-02-20,GOOG,close,1102.46
2018-02-20,NFLX,close,278.55
2018-02-21,AAPL,close,168.5041
2018-02-21,AMZN,close,1482.92
2018-02-21,FB,close,177.91
2018-02-21,GOOG,close,1111.34
2018-02-21,NFLX,close,281.04
2018-02-22,AAPL,close,169.9127
2018-02-22,AMZN,close,1485.34
2018-02-22,FB,close,178.99
2018-02-22,GOOG,close,1106.63
2018-02-22,NFLX,close,278.14
2018-02-23,AAPL,close,172.8677
2018-02-23,AMZN,close,1500.0
2018-02-23,FB,close,183.29
2018-02-23,GOOG,close,1126.79
2018-02-23,NFLX,close,285.93
2018-02-26,AAPL,close,176.2856
2018-02-26,AMZN,close,1521.95
2018-02-26,FB,close,184.93
2018-02-26,GOOG,close,1143.75
2018-02-26,NFLX,close,294.16
2018-02-27,AAPL,close,175.7143
2018-02-27,AMZN,close,1511.98
2018-02-27,FB,close,181.46
2018-02-27,GOOG,close,1118.29
2018-02-27,NFLX,close,290.61
2018-02-28,AAPL,close,175.4484
2018-02-28,AMZN,close,1512.45
2018-02-28,FB,close,178.32
2018-02-28,GOOG,close,1104.73
2018-02-28,NFLX,close,291.38
2018-03-01,AAPL,close,172.3752
2018-03-01,AMZN,close,1493.45
2018-03-01,FB,close,175.94
2018-03-01,GOOG,close,1069.52
2018-03-01,NFLX,close,290.39
2018-03-02,AAPL,close,173.567
2018-03-02,AMZN,close,1500.25
2018-03-02,FB,close,176.62
2018-03-02,GOOG,close,1078.92
2018-03-02,NFLX,close,301.05
2018-03-05,AAPL,close,174.1679
2018-03-05,AMZN,close,1523.61
2018-03-05,FB,close,180.4
2018-03-05,GOOG,close,1090.93
2018-03-05,NFLX,close,315.0
2018-03-06,AAPL,close,174.0201
2018-03-06,AMZN,close,1537.64
2018-03-06,FB,close,179.78
2018-03-06,GOOG,close,1095.06
2018-03-06,NFLX,close,325.22
2018-03-07,AAPL,close,172.4047
2018-03-07,AMZN,close,1545.0
2018-03-07,FB,close,183.71
2018-03-07,GOOG,close,1109.64
2018-03-07,NFLX,close,321.16
2018-03-08,AAPL,close,174.2861
2018-03-08,AMZN,close,1551.86
2018-03-08,FB,close,182.34
2018-03-08,GOOG,close,1126.0
2018-03-08,NFLX,close,317.0
2018-03-09,AAPL,close,177.2805
2018-03-09,AMZN,close,1578.89
2018-03-09,FB,close,185.23
2018-03-09,GOOG,close,1160.04
2018-03-09,NFLX,close,331.44
2018-03-12,AAPL,close,178.9944
2018-03-12,AMZN,close,1598.39
2018-03-12,FB,close,184.76
2018-03-12,GOOG,close,1164.5
2018-03-12,NFLX,close,321.3
2018-03-13,AAPL,close,177.2706
2018-03-13,AMZN,close,1588.18
2018-03-13,FB,close,181.88
2018-03-13,GOOG,close,1138.17
2018-03-13,NFLX,close,315.88
2018-03-14,AAPL,close,175.7636
2018-03-14,AMZN,close,1591.0
2018-03-14,FB,close,184.19
2018-03-14,GOOG,close,1149.49
2018-03-14,NFLX,close,321.55
2018-03-15,AAPL,close,175.9704
2018-03-15,AMZN,close,1582.32
2018-03-15,FB,close,183.86
2018-03-15,GOOG,close,1149.58
2018-03-15,NFLX,close,321.09
2018-03-16,AAPL,close,175.3499
2018-03-16,AMZN,close,1571.68
2018-03-16,FB,close,185.09
2018-03-16,GOOG,close,1135.73
2018-03-16,NFLX,close,318.45
2018-03-19,AAPL,close,172.6707
2018-03-19,AMZN,close,1544.93
2018-03-19,FB,close,172.56
2018-03-19,GOOG,close,1099.82
2018-03-19,NFLX,close,313.48
2018-03-20,AAPL,close,172.6116
2018-03-20,AMZN,close,1586.51
2018-03-20,FB,close,168.15
2018-03-20,GOOG,close,1097.71
2018-03-20,NFLX,close,317.5
2018-03-21,AAPL,close,168.7011
2018-03-21,AMZN,close,1581.86
2018-03-21,FB,close,169.39
2018-03-21,GOOG,close,1090.88
2018-03-21,NFLX,close,316.48
2018-03-22,AAPL,close,166.3174
2018-03-22,AMZN,close,1544.92
2018-03-22,FB,close,164.89
2018-03-22,GOOG,close,1049.08
2018-03-22,NFLX,close,306.7
2018-03-23,AAPL,close,162.466
2018-03-23,AMZN,close,1495.56
2018-03-23,FB,close,159.39
2018-03-23,GOOG,close,1021.57
2018-03-23,NFLX,close,300.94
2018-03-26,AAPL,close,170.1786
2018-03-26,AMZN,close,1555.86
2018-03-26,FB,close,160.06
2018-03-26,GOOG,close,1053.21
2018-03-26,NFLX,close,320.35
2018-03-27,AAPL,close,165.8151
2018-03-27,AMZN,close,1497.05
2018-03-27,FB,close,152.22
2018-03-27,GOOG,close,1005.1
2018-03-27,NFLX,close,300.69
2018-03-28,AAPL,close,163.9829
2018-03-28,AMZN,close,1431.42
2018-03-28,FB,close,153.03
2018-03-28,GOOG,close,1004.56
2018-03-28,NFLX,close,285.77
2018-03-29,AAPL,close,165.2635
2018-03-29,AMZN,close,1447.34
2018-03-29,FB,close,159.79
2018-03-29,GOOG,close,1031.79
2018-03-29,NFLX,close,295.35
2018-04-02,AAPL,close,164.1799
2018-04-02,AMZN,close,1371.99
2018-04-02,FB,close,155.39
2018-04-02,GOOG,close,1006.47
2018-04-02,NFLX,close,280.29
2018-04-03,AAPL,close,165.8643
2018-04-03,AMZN,close,1392.05
2018-04-03,FB,close,156.11
2018-04-03,GOOG,close,1013.41
2018-04-03,NFLX,close,283.67
2018-04-04,AAPL,close,169.03599999999997
2018-04-04,AMZN,close,1410.57
2018-04-04,FB,close,155.1
2018-04-04,GOOG,close,1025.14
2018-04-04,NFLX,close,288.94
2018-04-05,AAPL,close,170.2082
2018-04-05,AMZN,close,1451.75
2018-04-05,FB,close,159.34
2018-04-05,GOOG,close,1027.81
2018-04-05,NFLX,close,293.97
2018-04-06,AAPL,close,165.8545
2018-04-06,AMZN,close,1405.23
2018-04-06,FB,close,157.2
2018-04-06,GOOG,close,1007.04
2018-04-06,NFLX,close,288.85
2018-04-09,AAPL,close,167.4994
2018-04-09,AMZN,close,1406.08
2018-04-09,FB,close,157.93
2018-04-09,GOOG,close,1015.45
2018-04-09,NFLX,close,289.93
2018-04-10,AAPL,close,170.6514
2018-04-10,AMZN,close,1436.22
2018-04-10,FB,close,165.04
2018-04-10,GOOG,close,1031.64
2018-04-10,NFLX,close,298.07
2018-04-11,AAPL,close,169.8536
2018-04-11,AMZN,close,1427.05
2018-04-11,FB,close,166.32
2018-04-11,GOOG,close,1019.97
2018-04-11,NFLX,close,303.67
2018-04-12,AAPL,close,171.5281
2018-04-12,AMZN,close,1448.5
2018-04-12,FB,close,163.87
2018-04-12,GOOG,close,1032.51
2018-04-12,NFLX,close,309.25
2018-04-13,AAPL,close,172.1092
2018-04-13,AMZN,close,1430.79
2018-04-13,FB,close,164.52
2018-04-13,GOOG,close,1029.27
2018-04-13,NFLX,close,311.65
2018-04-16,AAPL,close,173.1829
2018-04-16,AMZN,close,1441.5
2018-04-16,FB,close,164.83
2018-04-16,GOOG,close,1037.98
2018-04-16,NFLX,close,307.78
2018-04-17,AAPL,close,175.5666
2018-04-17,AMZN,close,1503.83
2018-04-17,FB,close,168.66
2018-04-17,GOOG,close,1074.16
2018-04-17,NFLX,close,336.06
2018-04-18,AAPL,close,175.1726
2018-04-18,AMZN,close,1527.84
2018-04-18,FB,close,166.36
2018-04-18,GOOG,close,1072.08
2018-04-18,NFLX,close,334.52
2018-04-19,AAPL,close,170.2082
2018-04-19,AMZN,close,1556.91
2018-04-19,FB,close,168.1
2018-04-19,GOOG,close,1087.7
2018-04-19,NFLX,close,332.7
2018-04-20,AAPL,close,163.2343
2018-04-20,AMZN,close,1527.49
2018-04-20,FB,close,166.28
2018-04-20,GOOG,close,1072.96
2018-04-20,NFLX,close,327.77
2018-04-23,AAPL,close,162.7615
2018-04-23,AMZN,close,1517.86
2018-04-23,FB,close,165.84
2018-04-23,GOOG,close,1067.45
2018-04-23,NFLX,close,318.69
2018-04-24,AAPL,close,160.496
2018-04-24,AMZN,close,1460.09
2018-04-24,FB,close,159.69
2018-04-24,GOOG,close,1019.98
2018-04-24,NFLX,close,307.02
2018-04-25,AAPL,close,161.1954
2018-04-25,AMZN,close,1460.17
2018-04-25,FB,close,159.69
2018-04-25,GOOG,close,1021.18
2018-04-25,NFLX,close,305.76
2018-04-26,AAPL,close,161.7568
2018-04-26,AMZN,close,1517.96
2018-04-26,FB,close,174.16
2018-04-26,GOOG,close,1040.04
2018-04-26,NFLX,close,313.98
2018-04-27,AAPL,close,159.8853
2018-04-27,AMZN,close,1572.62
2018-04-27,FB,close,173.59
2018-04-27,GOOG,close,1030.05
2018-04-27,NFLX,close,311.76
2018-04-30,AAPL,close,162.7812
2018-04-30,AMZN,close,1566.13
2018-04-30,FB,close,172.0
2018-04-30,GOOG,close,1017.33
2018-04-30,NFLX,close,312.46
2018-05-01,AAPL,close,166.5637
2018-05-01,AMZN,close,1582.26
2018-05-01,FB,close,173.86
2018-05-01,GOOG,close,1037.31
2018-05-01,NFLX,close,313.3
2018-05-02,AAPL,close,173.9216
2018-05-02,AMZN,close,1569.68
2018-05-02,FB,close,176.07
2018-05-02,GOOG,close,1024.38
2018-05-02,NFLX,close,313.36
2018-05-03,AAPL,close,174.2368
2018-05-03,AMZN,close,1572.08
2018-05-03,FB,close,174.02
2018-05-03,GOOG,close,1023.72
2018-05-03,NFLX,close,311.69
2018-05-04,AAPL,close,181.0727
2018-05-04,AMZN,close,1580.95
2018-05-04,FB,close,176.61
2018-05-04,GOOG,close,1048.21
2018-05-04,NFLX,close,320.09
2018-05-07,AAPL,close,182.3828
2018-05-07,AMZN,close,1600.14
2018-05-07,FB,close,177.97
2018-05-07,GOOG,close,1054.79
2018-05-07,NFLX,close,326.26
2018-05-08,AAPL,close,183.2594
2018-05-08,AMZN,close,1592.39
2018-05-08,FB,close,178.92
2018-05-08,GOOG,close,1053.91
2018-05-08,NFLX,close,326.89
2018-05-09,AAPL,close,184.5498
2018-05-09,AMZN,close,1608.0
2018-05-09,FB,close,182.66
2018-05-09,GOOG,close,1082.76
2018-05-09,NFLX,close,330.3
2018-05-10,AAPL,close,187.1896
2018-05-10,AMZN,close,1609.08
2018-05-10,FB,close,185.53
2018-05-10,GOOG,close,1097.57
2018-05-10,NFLX,close,329.6
2018-05-11,AAPL,close,186.4776
2018-05-11,AMZN,close,1602.91
2018-05-11,FB,close,186.99
2018-05-11,GOOG,close,1098.26
2018-05-11,NFLX,close,326.46
2018-05-14,AAPL,close,186.0425
2018-05-14,AMZN,close,1601.54
2018-05-14,FB,close,186.64
2018-05-14,GOOG,close,1100.2
2018-05-14,NFLX,close,328.53
2018-05-15,AAPL,close,184.3517
2018-05-15,AMZN,close,1576.12
2018-05-15,FB,close,184.32
2018-05-15,GOOG,close,1079.23
2018-05-15,NFLX,close,326.13
2018-05-16,AAPL,close,186.0722
2018-05-16,AMZN,close,1587.28
2018-05-16,FB,close,183.2
2018-05-16,GOOG,close,1081.77
2018-05-16,NFLX,close,328.19
2018-05-17,AAPL,close,184.8955
2018-05-17,AMZN,close,1581.76
2018-05-17,FB,close,183.76
2018-05-17,GOOG,close,1078.59
2018-05-17,NFLX,close,325.22
2018-05-18,AAPL,close,184.2231
2018-05-18,AMZN,close,1574.37
2018-05-18,FB,close,182.68
2018-05-18,GOOG,close,1066.36
2018-05-18,NFLX,close,324.18
2018-05-21,AAPL,close,185.5283
2018-05-21,AMZN,close,1585.46
2018-05-21,FB,close,184.49
2018-05-21,GOOG,close,1079.58
2018-05-21,NFLX,close,331.82
2018-05-22,AAPL,close,185.0636
2018-05-22,AMZN,close,1581.4
2018-05-22,FB,close,183.8
2018-05-22,GOOG,close,1069.73
2018-05-22,NFLX,close,331.62
2018-05-23,AAPL,close,186.2502
2018-05-23,AMZN,close,1601.86
2018-05-23,FB,close,186.9
2018-05-23,GOOG,close,1079.69
2018-05-23,NFLX,close,344.72
2018-05-24,AAPL,close,186.0425
2018-05-24,AMZN,close,1603.07
2018-05-24,FB,close,185.93
2018-05-24,GOOG,close,1079.24
2018-05-24,NFLX,close,349.29
2018-05-25,AAPL,close,186.4677
2018-05-25,AMZN,close,1610.15
2018-05-25,FB,close,184.92
2018-05-25,GOOG,close,1075.66
2018-05-25,NFLX,close,351.29
2018-05-29,AAPL,close,185.7953
2018-05-29,AMZN,close,1612.87
2018-05-29,FB,close,185.74
2018-05-29,GOOG,close,1060.32
2018-05-29,NFLX,close,349.73
2018-05-30,AAPL,close,185.3998
2018-05-30,AMZN,close,1624.89
2018-05-30,FB,close,187.67
2018-05-30,GOOG,close,1067.8
2018-05-30,NFLX,close,353.54
2018-05-31,AAPL,close,184.7768
2018-05-31,AMZN,close,1629.62
2018-05-31,FB,close,191.78
2018-05-31,GOOG,close,1084.99
2018-05-31,NFLX,close,351.6
2018-06-01,AAPL,close,188.1091
2018-06-01,AMZN,close,1641.54
2018-06-01,FB,close,193.99
2018-06-01,GOOG,close,1119.5
2018-06-01,NFLX,close,359.93
2018-06-04,AAPL,close,189.6813
2018-06-04,AMZN,close,1665.27
2018-06-04,FB,close,193.28
2018-06-04,GOOG,close,1139.29
2018-06-04,NFLX,close,361.81
2018-06-05,AAPL,close,191.1447
2018-06-05,AMZN,close,1696.35
2018-06-05,FB,close,192.94
2018-06-05,GOOG,close,1139.66
2018-06-05,NFLX,close,365.8
2018-06-06,AAPL,close,191.8072
2018-06-06,AMZN,close,1695.75
2018-06-06,FB,close,191.34
2018-06-06,GOOG,close,1136.88
2018-06-06,NFLX,close,367.45
2018-06-07,AAPL,close,191.293
2018-06-07,AMZN,close,1689.3
2018-06-07,FB,close,188.18
2018-06-07,GOOG,close,1123.86
2018-06-07,NFLX,close,361.4
2018-06-08,AAPL,close,189.5527
2018-06-08,AMZN,close,1683.99
2018-06-08,FB,close,189.1
2018-06-08,GOOG,close,1120.87
2018-06-08,NFLX,close,360.57
2018-06-11,AAPL,close,189.088
2018-06-11,AMZN,close,1689.12
2018-06-11,FB,close,191.54
2018-06-11,GOOG,close,1129.99
2018-06-11,NFLX,close,361.45
2018-06-12,AAPL,close,190.1262
2018-06-12,AMZN,close,1698.75
2018-06-12,FB,close,192.4
2018-06-12,GOOG,close,1139.32
2018-06-12,NFLX,close,363.83
2018-06-13,AAPL,close,188.5639
2018-06-13,AMZN,close,1704.86
2018-06-13,FB,close,192.41
2018-06-13,GOOG,close,1134.79
2018-06-13,NFLX,close,379.93
2018-06-14,AAPL,close,188.6628
2018-06-14,AMZN,close,1723.86
2018-06-14,FB,close,196.81
2018-06-14,GOOG,close,1152.12
2018-06-14,NFLX,close,392.87
2018-06-15,AAPL,close,186.7248
2018-06-15,AMZN,close,1715.97
2018-06-15,FB,close,195.85
2018-06-15,GOOG,close,1152.26
2018-06-15,NFLX,close,391.98
2018-06-18,AAPL,close,186.6259
2018-06-18,AMZN,close,1723.79
2018-06-18,FB,close,198.31
2018-06-18,GOOG,close,1173.46
2018-06-18,NFLX,close,390.4
2018-06-19,AAPL,close,183.6101
2018-06-19,AMZN,close,1734.78
2018-06-19,FB,close,197.49
2018-06-19,GOOG,close,1168.06
2018-06-19,NFLX,close,404.98
2018-06-20,AAPL,close,184.411
2018-06-20,AMZN,close,1750.08
2018-06-20,FB,close,202.0
2018-06-20,GOOG,close,1169.84
2018-06-20,NFLX,close,416.76
2018-06-21,AAPL,close,183.3826
2018-06-21,AMZN,close,1730.22
2018-06-21,FB,close,201.5
2018-06-21,GOOG,close,1157.66
2018-06-21,NFLX,close,415.44
2018-06-22,AAPL,close,182.8487
2018-06-22,AMZN,close,1715.67
2018-06-22,FB,close,201.74
2018-06-22,GOOG,close,1155.48
2018-06-22,NFLX,close,411.09
2018-06-25,AAPL,close,180.1295
2018-06-25,AMZN,close,1663.15
2018-06-25,FB,close,196.35
2018-06-25,GOOG,close,1124.81
2018-06-25,NFLX,close,384.48
2018-06-26,AAPL,close,182.3642
2018-06-26,AMZN,close,1691.09
2018-06-26,FB,close,199.0
2018-06-26,GOOG,close,1118.46
2018-06-26,NFLX,close,399.39
2018-06-27,AAPL,close,182.0972
2018-06-27,AMZN,close,1660.51
2018-06-27,FB,close,195.84
2018-06-27,GOOG,close,1103.98
2018-06-27,NFLX,close,390.39
2018-06-28,AAPL,close,183.4222
2018-06-28,AMZN,close,1701.45
2018-06-28,FB,close,196.23
2018-06-28,GOOG,close,1114.22
2018-06-28,NFLX,close,395.42
2018-06-29,AAPL,close,183.0366
2018-06-29,AMZN,close,1699.8
2018-06-29,FB,close,194.32
2018-06-29,GOOG,close,1115.65
2018-06-29,NFLX,close,391.43
2018-07-02,AAPL,close,185.0834
2018-07-02,AMZN,close,1713.78
2018-07-02,FB,close,197.36
2018-07-02,GOOG,close,1127.46
2018-07-02,NFLX,close,398.18
2018-07-03,AAPL,close,181.8599
2018-07-03,AMZN,close,1693.96
2018-07-03,FB,close,192.73
2018-07-03,GOOG,close,1102.89
2018-07-03,NFLX,close,390.52
2018-07-05,AAPL,close,183.3233
2018-07-05,AMZN,close,1699.73
2018-07-05,FB,close,198.45
2018-07-05,GOOG,close,1124.27
2018-07-05,NFLX,close,398.39
2018-07-06,AAPL,close,185.8645
2018-07-06,AMZN,close,1710.63
2018-07-06,FB,close,203.23
2018-07-06,GOOG,close,1140.17
2018-07-06,NFLX,close,408.25
2018-07-09,AAPL,close,188.4453
2018-07-09,AMZN,close,1739.02
2018-07-09,FB,close,204.74
2018-07-09,GOOG,close,1154.05
2018-07-09,NFLX,close,418.97
2018-07-10,AAPL,close,188.2179
2018-07-10,AMZN,close,1743.07
2018-07-10,FB,close,203.54
2018-07-10,GOOG,close,1152.84
2018-07-10,NFLX,close,415.63
2018-07-11,AAPL,close,185.7755
2018-07-11,AMZN,close,1755.0
2018-07-11,FB,close,202.54
2018-07-11,GOOG,close,1153.9
2018-07-11,NFLX,close,418.65
2018-07-12,AAPL,close,188.8902
2018-07-12,AMZN,close,1796.62
2018-07-12,FB,close,206.92
2018-07-12,GOOG,close,1183.48
2018-07-12,NFLX,close,413.5
2018-07-13,AAPL,close,189.1869
2018-07-13,AMZN,close,1813.03
2018-07-13,FB,close,207.32
2018-07-13,GOOG,close,1188.82
2018-07-13,NFLX,close,395.8
2018-07-16,AAPL,close,188.7716
2018-07-16,AMZN,close,1822.49
2018-07-16,FB,close,207.23
2018-07-16,GOOG,close,1183.86
2018-07-16,NFLX,close,400.48
2018-07-17,AAPL,close,189.3055
2018-07-17,AMZN,close,1843.93
2018-07-17,FB,close,209.99
2018-07-17,GOOG,close,1198.8
2018-07-17,NFLX,close,379.48
2018-07-18,AAPL,close,188.2673
2018-07-18,AMZN,close,1842.92
2018-07-18,FB,close,209.36
2018-07-18,GOOG,close,1195.88
2018-07-18,NFLX,close,375.13
2018-07-19,AAPL,close,189.7307
2018-07-19,AMZN,close,1812.97
2018-07-19,FB,close,208.09
2018-07-19,GOOG,close,1186.96
2018-07-19,NFLX,close,364.23
2018-07-20,AAPL,close,189.2957
2018-07-20,AMZN,close,1813.7
2018-07-20,FB,close,209.94
2018-07-20,GOOG,close,1184.91
2018-07-20,NFLX,close,361.05
2018-07-23,AAPL,close,189.4638
2018-07-23,AMZN,close,1802.0
2018-07-23,FB,close,210.91
2018-07-23,GOOG,close,1205.5
2018-07-23,NFLX,close,362.66
2018-07-24,AAPL,close,190.8382
2018-07-24,AMZN,close,1829.24
2018-07-24,FB,close,214.67
2018-07-24,GOOG,close,1248.08
2018-07-24,NFLX,close,357.32
2018-07-25,AAPL,close,192.6378
2018-07-25,AMZN,close,1863.61
2018-07-25,FB,close,217.5
2018-07-25,GOOG,close,1263.7
2018-07-25,NFLX,close,362.87
2018-07-26,AAPL,close,192.0346
2018-07-26,AMZN,close,1808.0
2018-07-26,FB,close,176.26
2018-07-26,GOOG,close,1268.33
2018-07-26,NFLX,close,363.09
2018-07-27,AAPL,close,188.8408
2018-07-27,AMZN,close,1817.27
2018-07-27,FB,close,174.89
2018-07-27,GOOG,close,1238.5
2018-07-27,NFLX,close,355.21
2018-07-30,AAPL,close,187.7828
2018-07-30,AMZN,close,1779.22
2018-07-30,FB,close,171.06
2018-07-30,GOOG,close,1219.74
2018-07-30,NFLX,close,334.96
2018-07-31,AAPL,close,188.1585
2018-07-31,AMZN,close,1777.44
2018-07-31,FB,close,172.58
2018-07-31,GOOG,close,1217.26
2018-07-31,NFLX,close,337.45
2018-08-01,AAPL,close,199.243
2018-08-01,AMZN,close,1797.17
2018-08-01,FB,close,171.65
2018-08-01,GOOG,close,1220.01
2018-08-01,NFLX,close,338.38
2018-08-02,AAPL,close,205.067
2018-08-02,AMZN,close,1834.33
2018-08-02,FB,close,176.37
2018-08-02,GOOG,close,1226.15
2018-08-02,NFLX,close,344.5
2018-08-03,AAPL,close,205.6603
2018-08-03,AMZN,close,1823.29
2018-08-03,FB,close,177.78
2018-08-03,GOOG,close,1223.71
2018-08-03,NFLX,close,343.09
2018-08-06,AAPL,close,206.7282
2018-08-06,AMZN,close,1847.75
2018-08-06,FB,close,185.69
2018-08-06,GOOG,close,1224.77
2018-08-06,NFLX,close,350.92
2018-08-07,AAPL,close,204.7901
2018-08-07,AMZN,close,1862.48
2018-08-07,FB,close,183.81
2018-08-07,GOOG,close,1242.22
2018-08-07,NFLX,close,351.83
2018-08-08,AAPL,close,204.9286
2018-08-08,AMZN,close,1886.52
2018-08-08,FB,close,185.18
2018-08-08,GOOG,close,1245.61
2018-08-08,NFLX,close,347.61
2018-08-09,AAPL,close,206.5403
2018-08-09,AMZN,close,1898.52
2018-08-09,FB,close,183.09
2018-08-09,GOOG,close,1249.1
2018-08-09,NFLX,close,349.36
2018-08-10,AAPL,close,205.9251
2018-08-10,AMZN,close,1886.3
2018-08-10,FB,close,180.26
2018-08-10,GOOG,close,1237.61
2018-08-10,NFLX,close,345.87
2018-08-13,AAPL,close,207.2548
2018-08-13,AMZN,close,1896.2
2018-08-13,FB,close,180.05
2018-08-13,GOOG,close,1235.01
2018-08-13,NFLX,close,341.31
2018-08-14,AAPL,close,208.128
2018-08-14,AMZN,close,1919.65
2018-08-14,FB,close,181.11
2018-08-14,GOOG,close,1242.1
2018-08-14,NFLX,close,337.49
2018-08-15,AAPL,close,208.6142
2018-08-15,AMZN,close,1882.62
2018-08-15,FB,close,179.53
2018-08-15,GOOG,close,1214.38
2018-08-15,NFLX,close,326.4
2018-08-16,AAPL,close,211.6704
2018-08-16,AMZN,close,1886.52
2018-08-16,FB,close,174.7
2018-08-16,GOOG,close,1206.49
2018-08-16,NFLX,close,322.44
2018-08-17,AAPL,close,215.8974
2018-08-17,AMZN,close,1882.22
2018-08-17,FB,close,173.8
2018-08-17,GOOG,close,1200.96
2018-08-17,NFLX,close,316.78
2018-08-20,AAPL,close,213.7938
2018-08-20,AMZN,close,1876.71
2018-08-20,FB,close,172.5
2018-08-20,GOOG,close,1207.77
2018-08-20,NFLX,close,327.73
2018-08-21,AAPL,close,213.3771
2018-08-21,AMZN,close,1883.42
2018-08-21,FB,close,172.62
2018-08-21,GOOG,close,1201.62
2018-08-21,NFLX,close,338.02
2018-08-22,AAPL,close,213.387
2018-08-22,AMZN,close,1904.9
2018-08-22,FB,close,173.64
2018-08-22,GOOG,close,1207.33
2018-08-22,NFLX,close,344.44
2018-08-23,AAPL,close,213.8236
2018-08-23,AMZN,close,1902.9
2018-08-23,FB,close,172.9
2018-08-23,GOOG,close,1205.38
2018-08-23,NFLX,close,339.17
2018-08-24,AAPL,close,214.4884
2018-08-24,AMZN,close,1905.39
2018-08-24,FB,close,174.645
2018-08-24,GOOG,close,1220.65
2018-08-24,NFLX,close,358.82
2018-08-27,AAPL,close,216.2546
2018-08-27,AMZN,close,1927.68
2018-08-27,FB,close,177.46
2018-08-27,GOOG,close,1241.82
2018-08-27,NFLX,close,364.58
2018-08-28,AAPL,close,218.001
2018-08-28,AMZN,close,1932.82
2018-08-28,FB,close,176.26
2018-08-28,GOOG,close,1231.15
2018-08-28,NFLX,close,368.49
2018-08-29,AAPL,close,221.2557
2018-08-29,AMZN,close,1998.1
2018-08-29,FB,close,175.9
2018-08-29,GOOG,close,1249.3
2018-08-29,NFLX,close,368.04
2018-08-30,AAPL,close,223.2898
2018-08-30,AMZN,close,2002.38
2018-08-30,FB,close,177.64
2018-08-30,GOOG,close,1239.12
2018-08-30,NFLX,close,370.98
2018-08-31,AAPL,close,225.8697
2018-08-31,AMZN,close,2012.71
2018-08-31,FB,close,175.73
2018-08-31,GOOG,close,1218.19
2018-08-31,NFLX,close,367.68
2018-09-04,AAPL,close,226.5941
2018-09-04,AMZN,close,2039.51
2018-09-04,FB,close,171.16
2018-09-04,GOOG,close,1197.0
2018-09-04,NFLX,close,363.6
2018-09-05,AAPL,close,225.1156
2018-09-05,AMZN,close,1994.82
2018-09-05,FB,close,167.18
2018-09-05,GOOG,close,1186.48
2018-09-05,NFLX,close,341.18
2018-09-06,AAPL,close,221.3747
2018-09-06,AMZN,close,1958.31
2018-09-06,FB,close,162.53
2018-09-06,GOOG,close,1171.44
2018-09-06,NFLX,close,346.46
2018-09-07,AAPL,close,219.5887
2018-09-07,AMZN,close,1952.07
2018-09-07,FB,close,163.04
2018-09-07,GOOG,close,1164.83
2018-09-07,NFLX,close,348.68
2018-09-10,AAPL,close,216.6416
2018-09-10,AMZN,close,1939.01
2018-09-10,FB,close,164.18
2018-09-10,GOOG,close,1164.64
2018-09-10,NFLX,close,348.41
2018-09-11,AAPL,close,222.1189
2018-09-11,AMZN,close,1987.15
2018-09-11,FB,close,165.94
2018-09-11,GOOG,close,1177.36
2018-09-11,NFLX,close,355.93
2018-09-12,AAPL,close,219.3604
2018-09-12,AMZN,close,1990.0
2018-09-12,FB,close,162.0
2018-09-12,GOOG,close,1162.82
2018-09-12,NFLX,close,369.95
2018-09-13,AAPL,close,224.6591
2018-09-13,AMZN,close,1989.87
2018-09-13,FB,close,161.36
2018-09-13,GOOG,close,1175.33
2018-09-13,NFLX,close,368.15
2018-09-14,AAPL,close,222.109
2018-09-14,AMZN,close,1970.19
2018-09-14,FB,close,162.32
2018-09-14,GOOG,close,1172.53
2018-09-14,NFLX,close,364.56
2018-09-17,AAPL,close,216.1951
2018-09-17,AMZN,close,1908.03
2018-09-17,FB,close,160.58
2018-09-17,GOOG,close,1156.05
2018-09-17,NFLX,close,350.35
2018-09-18,AAPL,close,216.5523
2018-09-18,AMZN,close,1941.05
2018-09-18,FB,close,160.3
2018-09-18,GOOG,close,1161.22
2018-09-18,NFLX,close,367.65
2018-09-19,AAPL,close,216.6813
2018-09-19,AMZN,close,1926.42
2018-09-19,FB,close,163.06
2018-09-19,GOOG,close,1171.09
2018-09-19,NFLX,close,366.96
2018-09-20,AAPL,close,218.3285
2018-09-20,AMZN,close,1944.3
2018-09-20,FB,close,166.02
2018-09-20,GOOG,close,1186.87
2018-09-20,NFLX,close,365.36
2018-09-21,AAPL,close,215.9768
2018-09-21,AMZN,close,1915.01
2018-09-21,FB,close,162.93
2018-09-21,GOOG,close,1166.09
2018-09-21,NFLX,close,361.19
2018-09-24,AAPL,close,219.0826
2018-09-24,AMZN,close,1934.36
2018-09-24,FB,close,165.41
2018-09-24,GOOG,close,1173.37
2018-09-24,NFLX,close,369.61
2018-09-25,AAPL,close,220.4718
2018-09-25,AMZN,close,1974.55
2018-09-25,FB,close,164.91
2018-09-25,GOOG,close,1184.65
2018-09-25,NFLX,close,369.43
2018-09-26,AAPL,close,218.7155
2018-09-26,AMZN,close,1974.85
2018-09-26,FB,close,166.95
2018-09-26,GOOG,close,1180.49
2018-09-26,NFLX,close,377.88
2018-09-27,AAPL,close,223.2104
2018-09-27,AMZN,close,2012.98
2018-09-27,FB,close,168.84
2018-09-27,GOOG,close,1194.64
2018-09-27,NFLX,close,380.71
2018-09-28,AAPL,close,223.9943
2018-09-28,AMZN,close,2003.0
2018-09-28,FB,close,164.46
2018-09-28,GOOG,close,1193.47
2018-09-28,NFLX,close,374.13
2018-10-01,AAPL,close,225.5026
2018-10-01,AMZN,close,2004.36
2018-10-01,FB,close,162.44
2018-10-01,GOOG,close,1195.31
2018-10-01,NFLX,close,381.43
2018-10-02,AAPL,close,227.5069
2018-10-02,AMZN,close,1971.31
2018-10-02,FB,close,159.33
2018-10-02,GOOG,close,1200.11
2018-10-02,NFLX,close,377.14
2018-10-03,AAPL,close,230.2754
2018-10-03,AMZN,close,1952.76
2018-10-03,FB,close,162.43
2018-10-03,GOOG,close,1202.95
2018-10-03,NFLX,close,377.05
2018-10-04,AAPL,close,226.2269
2018-10-04,AMZN,close,1909.42
2018-10-04,FB,close,158.85
2018-10-04,GOOG,close,1168.19
2018-10-04,NFLX,close,363.65
2018-10-05,AAPL,close,222.5555
2018-10-05,AMZN,close,1889.65
2018-10-05,FB,close,157.33
2018-10-05,GOOG,close,1157.35
2018-10-05,NFLX,close,351.35
2018-10-08,AAPL,close,222.0396
2018-10-08,AMZN,close,1864.42
2018-10-08,FB,close,157.25
2018-10-08,GOOG,close,1148.97
2018-10-08,NFLX,close,349.1
2018-10-09,AAPL,close,225.1156
2018-10-09,AMZN,close,1870.32
2018-10-09,FB,close,157.9
2018-10-09,GOOG,close,1138.82
2018-10-09,NFLX,close,355.71
2018-10-10,AAPL,close,214.6869
2018-10-10,AMZN,close,1755.25
2018-10-10,FB,close,151.38
2018-10-10,GOOG,close,1081.22
2018-10-10,NFLX,close,325.89
2018-10-11,AAPL,close,212.7916
2018-10-11,AMZN,close,1719.36
2018-10-11,FB,close,153.35
2018-10-11,GOOG,close,1079.32
2018-10-11,NFLX,close,321.1
2018-10-12,AAPL,close,220.3924
2018-10-12,AMZN,close,1788.61
2018-10-12,FB,close,153.74
2018-10-12,GOOG,close,1110.08
2018-10-12,NFLX,close,339.56
2018-10-15,AAPL,close,215.6791
2018-10-15,AMZN,close,1760.95
2018-10-15,FB,close,153.52
2018-10-15,GOOG,close,1092.25
2018-10-15,NFLX,close,333.13
2018-10-16,AAPL,close,220.4321
2018-10-16,AMZN,close,1819.96
2018-10-16,FB,close,158.78
2018-10-16,GOOG,close,1121.28
2018-10-16,NFLX,close,346.4
2018-10-17,AAPL,close,219.4795
2018-10-17,AMZN,close,1831.73
2018-10-17,FB,close,159.42
2018-10-17,GOOG,close,1115.69
2018-10-17,NFLX,close,364.7
2018-10-18,AAPL,close,214.3495
2018-10-18,AMZN,close,1770.72
2018-10-18,FB,close,154.92
2018-10-18,GOOG,close,1087.97
2018-10-18,NFLX,close,346.71
2018-10-19,AAPL,close,217.614
2018-10-19,AMZN,close,1764.03
2018-10-19,FB,close,154.05
2018-10-19,GOOG,close,1096.46
2018-10-19,NFLX,close,332.67
2018-10-22,AAPL,close,218.9437
2018-10-22,AMZN,close,1789.3
2018-10-22,FB,close,154.78
2018-10-22,GOOG,close,1101.16
2018-10-22,NFLX,close,329.54
2018-10-23,AAPL,close,221.0076
2018-10-23,AMZN,close,1768.7
2018-10-23,FB,close,154.39
2018-10-23,GOOG,close,1103.69
2018-10-23,NFLX,close,333.16
2018-10-24,AAPL,close,213.4267
2018-10-24,AMZN,close,1664.2
2018-10-24,FB,close,146.04
2018-10-24,GOOG,close,1050.71
2018-10-24,NFLX,close,301.83
2018-10-25,AAPL,close,218.1003
2018-10-25,AMZN,close,1782.17
2018-10-25,FB,close,150.95
2018-10-25,GOOG,close,1095.57
2018-10-25,NFLX,close,312.87
2018-10-26,AAPL,close,214.6273
2018-10-26,AMZN,close,1642.81
2018-10-26,FB,close,145.37
2018-10-26,GOOG,close,1071.47
2018-10-26,NFLX,close,299.83
2018-10-29,AAPL,close,210.5987
2018-10-29,AMZN,close,1538.88
2018-10-29,FB,close,142.09
2018-10-29,GOOG,close,1020.08
2018-10-29,NFLX,close,284.84
2018-10-30,AAPL,close,211.6505
2018-10-30,AMZN,close,1530.42
2018-10-30,FB,close,146.22
2018-10-30,GOOG,close,1036.21
2018-10-30,NFLX,close,285.81
2018-10-31,AAPL,close,217.1675
2018-10-31,AMZN,close,1598.01
2018-10-31,FB,close,151.79
2018-10-31,GOOG,close,1076.77
2018-10-31,NFLX,close,301.78
2018-11-01,AAPL,close,220.5015
2018-11-01,AMZN,close,1665.53
2018-11-01,FB,close,151.75
2018-11-01,GOOG,close,1070.0
2018-11-01,NFLX,close,317.38
2018-11-02,AAPL,close,205.8755
2018-11-02,AMZN,close,1665.53
2018-11-02,FB,close,150.35
2018-11-02,GOOG,close,1057.79
2018-11-02,NFLX,close,309.1
2018-11-05,AAPL,close,200.0311
2018-11-05,AMZN,close,1627.8
2018-11-05,FB,close,148.68
2018-11-05,GOOG,close,1040.09
2018-11-05,NFLX,close,315.44
2018-11-06,AAPL,close,202.1942
2018-11-06,AMZN,close,1642.81
2018-11-06,FB,close,149.94
2018-11-06,GOOG,close,1055.81
2018-11-06,NFLX,close,310.84
2018-11-07,AAPL,close,208.3264
2018-11-07,AMZN,close,1755.49
2018-11-07,FB,close,151.53
2018-11-07,GOOG,close,1093.39
2018-11-07,NFLX,close,327.5
2018-11-08,AAPL,close,207.5995
2018-11-08,AMZN,close,1754.91
2018-11-08,FB,close,147.87
2018-11-08,GOOG,close,1082.4
2018-11-08,NFLX,close,317.92
2018-11-09,AAPL,close,203.5967
2018-11-09,AMZN,close,1712.43
2018-11-09,FB,close,144.96
2018-11-09,GOOG,close,1066.15
2018-11-09,NFLX,close,303.47
2018-11-12,AAPL,close,193.3407
2018-11-12,AMZN,close,1636.85
2018-11-12,FB,close,141.55
2018-11-12,GOOG,close,1038.63
2018-11-12,NFLX,close,294.07
2018-11-13,AAPL,close,191.409
2018-11-13,AMZN,close,1631.17
2018-11-13,FB,close,142.16
2018-11-13,GOOG,close,1036.05
2018-11-13,NFLX,close,294.4
2018-11-14,AAPL,close,186.0022
2018-11-14,AMZN,close,1599.01
2018-11-14,FB,close,144.22
2018-11-14,GOOG,close,1043.66
2018-11-14,NFLX,close,286.73
2018-11-15,AAPL,close,190.5925
2018-11-15,AMZN,close,1619.44
2018-11-15,FB,close,143.85
2018-11-15,GOOG,close,1064.71
2018-11-15,NFLX,close,290.06
2018-11-16,AAPL,close,192.7034
2018-11-16,AMZN,close,1593.41
2018-11-16,FB,close,139.53
2018-11-16,GOOG,close,1061.49
2018-11-16,NFLX,close,286.21
2018-11-19,AAPL,close,185.0662
2018-11-19,AMZN,close,1512.29
2018-11-19,FB,close,131.55
2018-11-19,GOOG,close,1020.0
2018-11-19,NFLX,close,270.6
2018-11-20,AAPL,close,176.2241
2018-11-20,AMZN,close,1495.46
2018-11-20,FB,close,132.43
2018-11-20,GOOG,close,1025.76
2018-11-20,NFLX,close,266.98
2018-11-21,AAPL,close,176.025
2018-11-21,AMZN,close,1516.73
2018-11-21,FB,close,134.82
2018-11-21,GOOG,close,1037.61
2018-11-21,NFLX,close,262.13
2018-11-23,AAPL,close,171.5541
2018-11-23,AMZN,close,1502.06
2018-11-23,FB,close,131.73
2018-11-23,GOOG,close,1023.88
2018-11-23,NFLX,close,258.82
2018-11-26,AAPL,close,173.8742
2018-11-26,AMZN,close,1581.33
2018-11-26,FB,close,136.38
2018-11-26,GOOG,close,1048.62
2018-11-26,NFLX,close,261.43
2018-11-27,AAPL,close,173.4958
2018-11-27,AMZN,close,1581.42
2018-11-27,FB,close,135.0
2018-11-27,GOOG,close,1044.41
2018-11-27,NFLX,close,266.63
2018-11-28,AAPL,close,180.1672
2018-11-28,AMZN,close,1677.75
2018-11-28,FB,close,136.76
2018-11-28,GOOG,close,1086.23
2018-11-28,NFLX,close,282.65
2018-11-29,AAPL,close,178.7831
2018-11-29,AMZN,close,1673.57
2018-11-29,FB,close,138.68
2018-11-29,GOOG,close,1088.3
2018-11-29,NFLX,close,288.75
2018-11-30,AAPL,close,177.8173
2018-11-30,AMZN,close,1690.17
2018-11-30,FB,close,140.61
2018-11-30,GOOG,close,1094.43
2018-11-30,NFLX,close,286.13
2018-12-03,AAPL,close,184.0306
2018-12-03,AMZN,close,1772.36
2018-12-03,FB,close,141.09
2018-12-03,GOOG,close,1106.43
2018-12-03,NFLX,close,290.3
2018-12-04,AAPL,close,175.9354
2018-12-04,AMZN,close,1668.4
2018-12-04,FB,close,137.93
2018-12-04,GOOG,close,1050.82
2018-12-04,NFLX,close,275.33
2018-12-06,AAPL,close,173.9738
2018-12-06,AMZN,close,1699.19
2018-12-06,FB,close,139.63
2018-12-06,GOOG,close,1068.73
2018-12-06,NFLX,close,282.88
2018-12-07,AAPL,close,167.7704
2018-12-07,AMZN,close,1629.13
2018-12-07,FB,close,137.42
2018-12-07,GOOG,close,1036.58
2018-12-07,NFLX,close,265.14
2018-12-10,AAPL,close,168.8756
2018-12-10,AMZN,close,1641.03
2018-12-10,FB,close,141.85
2018-12-10,GOOG,close,1039.55
2018-12-10,NFLX,close,269.7
2018-12-11,AAPL,close,167.9098
2018-12-11,AMZN,close,1643.24
2018-12-11,FB,close,142.08
2018-12-11,GOOG,close,1051.75
2018-12-11,NFLX,close,265.32
2018-12-12,AAPL,close,168.3778
2018-12-12,AMZN,close,1663.54
2018-12-12,FB,close,144.5
2018-12-12,GOOG,close,1063.68
2018-12-12,NFLX,close,274.88
2018-12-13,AAPL,close,170.2199
2018-12-13,AMZN,close,1658.38
2018-12-13,FB,close,145.01
2018-12-13,GOOG,close,1061.9
2018-12-13,NFLX,close,276.02
2018-12-14,AAPL,close,164.7732
2018-12-14,AMZN,close,1591.91
2018-12-14,FB,close,144.06
2018-12-14,GOOG,close,1042.1
2018-12-14,NFLX,close,266.84
2018-12-17,AAPL,close,163.2398
2018-12-17,AMZN,close,1520.91
2018-12-17,FB,close,140.19
2018-12-17,GOOG,close,1016.53
2018-12-17,NFLX,close,262.8
2018-12-18,AAPL,close,165.3607
2018-12-18,AMZN,close,1551.48
2018-12-18,FB,close,143.66
2018-12-18,GOOG,close,1028.71
2018-12-18,NFLX,close,270.94
2018-12-19,AAPL,close,160.2028
2018-12-19,AMZN,close,1495.08
2018-12-19,FB,close,133.24
2018-12-19,GOOG,close,1023.01
2018-12-19,NFLX,close,266.77
2018-12-20,AAPL,close,156.1602
2018-12-20,AMZN,close,1460.83
2018-12-20,FB,close,133.4
2018-12-20,GOOG,close,1009.41
2018-12-20,NFLX,close,260.58
2018-12-21,AAPL,close,150.0862
2018-12-21,AMZN,close,1377.45
2018-12-21,FB,close,124.95
2018-12-21,GOOG,close,979.54
2018-12-21,NFLX,close,246.39
2018-12-24,AAPL,close,146.2029
2018-12-24,AMZN,close,1343.96
2018-12-24,FB,close,124.06
2018-12-24,GOOG,close,976.22
2018-12-24,NFLX,close,233.88
2018-12-26,AAPL,close,156.4987
2018-12-26,AMZN,close,1470.9
2018-12-26,FB,close,134.18
2018-12-26,GOOG,close,1039.46
2018-12-26,NFLX,close,253.67
2018-12-27,AAPL,close,155.4831
2018-12-27,AMZN,close,1461.64
2018-12-27,FB,close,134.52
2018-12-27,GOOG,close,1043.88
2018-12-27,NFLX,close,255.565
2018-12-28,AAPL,close,155.5627
2018-12-28,AMZN,close,1478.02
2018-12-28,FB,close,133.2
2018-12-28,GOOG,close,1037.08
2018-12-28,NFLX,close,256.08
2018-12-31,AAPL,close,157.0663
2018-12-31,AMZN,close,1501.97
2018-12-31,FB,close,131.09
2018-12-31,GOOG,close,1035.61
2018-12-31,NFLX,close,267.66
2018-01-02,AAPL,volume,25555934.0
2018-01-02,AMZN,volume,2694494.0
2018-01-02,FB,volume,18151903.0
2018-01-02,GOOG,volume,1237564.0
2018-01-02,NFLX,volume,10966889.0
2018-01-03,AAPL,volume,29517899.0
2018-01-03,AMZN,volume,3108793.0
2018-01-03,FB,volume,16886563.0
2018-01-03,GOOG,volume,1430170.0
2018-01-03,NFLX,volume,8591369.0
2018-01-04,AAPL,volume,22434597.0
2018-01-04,AMZN,volume,3022089.0
2018-01-04,FB,volume,13880896.0
2018-01-04,GOOG,volume,1004605.0
2018-01-04,NFLX,volume,6029616.0
2018-01-05,AAPL,volume,23660018.0
2018-01-05,AMZN,volume,3544743.0
2018-01-05,FB,volume,13574535.0
2018-01-05,GOOG,volume,1279123.0
2018-01-05,NFLX,volume,7033240.0
2018-01-08,AAPL,volume,20567766.0
2018-01-08,AMZN,volume,4279475.0
2018-01-08,FB,volume,17994726.0
2018-01-08,GOOG,volume,1047603.0
2018-01-08,NFLX,volume,5580178.0
2018-01-09,AAPL,volume,21583997.0
2018-01-09,AMZN,volume,3661316.0
2018-01-09,FB,volume,12393057.0
2018-01-09,GOOG,volume,902541.0
2018-01-09,NFLX,volume,6125855.0
2018-01-10,AAPL,volume,23959895.0
2018-01-10,AMZN,volume,2686017.0
2018-01-10,FB,volume,10529894.0
2018-01-10,GOOG,volume,1042793.0
2018-01-10,NFLX,volume,5951486.0
2018-01-11,AAPL,volume,18667729.0
2018-01-11,AMZN,volume,3125048.0
2018-01-11,FB,volume,9588587.0
2018-01-11,GOOG,volume,978292.0
2018-01-11,NFLX,volume,7659485.0
2018-01-12,AAPL,volume,25418080.0
2018-01-12,AMZN,volume,5443730.0
2018-01-12,FB,volume,77551299.0
2018-01-12,GOOG,volume,1720533.0
2018-01-12,NFLX,volume,8199423.0
2018-01-16,AAPL,volume,29565947.0
2018-01-16,AMZN,volume,7220701.0
2018-01-16,FB,volume,36183842.0
2018-01-16,GOOG,volume,1575261.0
2018-01-16,NFLX,volume,13516067.0
2018-01-17,AAPL,volume,34386836.0
2018-01-17,AMZN,volume,5253754.0
2018-01-17,FB,volume,27992376.0
2018-01-17,GOOG,volume,1202639.0
2018-01-17,NFLX,volume,9123056.0
2018-01-18,AAPL,volume,31193352.0
2018-01-18,AMZN,volume,4026915.0
2018-01-18,FB,volume,23304901.0
2018-01-18,GOOG,volume,1198234.0
2018-01-18,NFLX,volume,8225339.0
2018-01-19,AAPL,volume,32425067.0
2018-01-19,AMZN,volume,4578536.0
2018-01-19,FB,volume,26826540.0
2018-01-19,GOOG,volume,1778229.0
2018-01-19,NFLX,volume,10548567.0
2018-01-22,AAPL,volume,27108551.0
2018-01-22,AMZN,volume,4140061.0
2018-01-22,FB,volume,21059464.0
2018-01-22,GOOG,volume,1617975.0
2018-01-22,NFLX,volume,17703293.0
2018-01-23,AAPL,volume,32689146.0
2018-01-23,AMZN,volume,5169306.0
2018-01-23,FB,volume,25678781.0
2018-01-23,GOOG,volume,1333056.0
2018-01-23,NFLX,volume,27705332.0
2018-01-24,AAPL,volume,51105090.0
2018-01-24,AMZN,volume,6807457.0
2018-01-24,FB,volume,24334548.0
2018-01-24,GOOG,volume,1416625.0
2018-01-24,NFLX,volume,17352448.0
2018-01-25,AAPL,volume,41529004.0
2018-01-25,AMZN,volume,4753012.0
2018-01-25,FB,volume,17377740.0
2018-01-25,GOOG,volume,1480540.0
2018-01-25,NFLX,volume,15336378.0
2018-01-26,AAPL,volume,39143011.0
2018-01-26,AMZN,volume,4857310.0
2018-01-26,FB,volume,17759212.0
2018-01-26,GOOG,volume,2018755.0
2018-01-26,NFLX,volume,11021839.0
2018-01-29,AAPL,volume,50640406.0
2018-01-29,AMZN,volume,5701898.0
2018-01-29,FB,volume,20453172.0
2018-01-29,GOOG,volume,1378913.0
2018-01-29,NFLX,volume,17529749.0
2018-01-30,AAPL,volume,46048185.0
2018-01-30,AMZN,volume,5871942.0
2018-01-30,FB,volume,20858556.0
2018-01-30,GOOG,volume,1556346.0
2018-01-30,NFLX,volume,12482852.0
2018-01-31,AAPL,volume,32478930.0
2018-01-31,AMZN,volume,6424693.0
2018-01-31,FB,volume,43275144.0
2018-01-31,GOOG,volume,1538688.0
2018-01-31,NFLX,volume,11695072.0
2018-02-01,AAPL,volume,47230787.0
2018-02-01,AMZN,volume,9113808.0
2018-02-01,FB,volume,54211293.0
2018-02-01,GOOG,volume,2412114.0
2018-02-01,NFLX,volume,9669011.0
2018-02-02,AAPL,volume,86593825.0
2018-02-02,AMZN,volume,11125722.0
2018-02-02,FB,volume,26677484.0
2018-02-02,GOOG,volume,4857943.0
2018-02-02,NFLX,volume,9123610.0
2018-02-05,AAPL,volume,72738522.0
2018-02-05,AMZN,volume,11494985.0
2018-02-05,FB,volume,33128206.0
2018-02-05,GOOG,volume,3798301.0
2018-02-05,NFLX,volume,11896053.0
2018-02-06,AAPL,volume,68243838.0
2018-02-06,AMZN,volume,11066819.0
2018-02-06,FB,volume,37758505.0
2018-02-06,GOOG,volume,3447956.0
2018-02-06,NFLX,volume,12595801.0
2018-02-07,AAPL,volume,51608580.0
2018-02-07,AMZN,volume,7162741.0
2018-02-07,FB,volume,27601886.0
2018-02-07,GOOG,volume,2369232.0
2018-02-07,NFLX,volume,8981548.0
2018-02-08,AAPL,volume,54390516.0
2018-02-08,AMZN,volume,8578557.0
2018-02-08,FB,volume,38478321.0
2018-02-08,GOOG,volume,2859136.0
2018-02-08,NFLX,volume,9306701.0
2018-02-09,AAPL,volume,70672608.0
2018-02-09,AMZN,volume,14141524.0
2018-02-09,FB,volume,39887626.0
2018-02-09,GOOG,volume,3505862.0
2018-02-09,NFLX,volume,16906942.0
2018-02-12,AAPL,volume,60819539.0
2018-02-12,AMZN,volume,6738944.0
2018-02-12,FB,volume,32092133.0
2018-02-12,GOOG,volume,2057718.0
2018-02-12,NFLX,volume,8534906.0
2018-02-13,AAPL,volume,32549163.0
2018-02-13,AMZN,volume,5917879.0
2018-02-13,FB,volume,21809350.0
2018-02-13,GOOG,volume,1265054.0
2018-02-13,NFLX,volume,6855151.0
2018-02-14,AAPL,volume,40644933.0
2018-02-14,AMZN,volume,5959209.0
2018-02-14,FB,volume,28929704.0
2018-02-14,GOOG,volume,1555787.0
2018-02-14,NFLX,volume,10971985.0
2018-02-15,AAPL,volume,51147171.0
2018-02-15,AMZN,volume,5652736.0
2018-02-15,FB,volume,20922120.0
2018-02-15,GOOG,volume,1843442.0
2018-02-15,NFLX,volume,10759667.0
2018-02-16,AAPL,volume,40176091.0
2018-02-16,AMZN,volume,4472564.0
2018-02-16,FB,volume,21015610.0
2018-02-16,GOOG,volume,1681612.0
2018-02-16,NFLX,volume,8312380.0
2018-02-20,AAPL,volume,33930540.0
2018-02-20,AMZN,volume,6499228.0
2018-02-20,FB,volume,21204921.0
2018-02-20,GOOG,volume,1423145.0
2018-02-20,NFLX,volume,7769023.0
2018-02-21,AAPL,volume,37471623.0
2018-02-21,AMZN,volume,6304351.0
2018-02-21,FB,volume,23200804.0
2018-02-21,GOOG,volume,1512910.0
2018-02-21,NFLX,volume,9371121.0
2018-02-22,AAPL,volume,30991940.0
2018-02-22,AMZN,volume,4858063.0
2018-02-22,FB,volume,18464192.0
2018-02-22,GOOG,volume,1317166.0
2018-02-22,NFLX,volume,8891535.0
2018-02-23,AAPL,volume,33812360.0
2018-02-23,AMZN,volume,4418103.0
2018-02-23,FB,volume,19007288.0
2018-02-23,GOOG,volume,1260968.0
2018-02-23,NFLX,volume,7301809.0
2018-02-26,AAPL,volume,38162174.0
2018-02-26,AMZN,volume,4954988.0
2018-02-26,FB,volume,17599703.0
2018-02-26,GOOG,volume,1559079.0
2018-02-26,NFLX,volume,10268633.0
2018-02-27,AAPL,volume,38928125.0
2018-02-27,AMZN,volume,4808776.0
2018-02-27,FB,volume,15849806.0
2018-02-27,GOOG,volume,1774080.0
2018-02-27,NFLX,volume,9416489.0
2018-02-28,AAPL,volume,37782138.0
2018-02-28,AMZN,volume,4515023.0
2018-02-28,FB,volume,18783039.0
2018-02-28,GOOG,volume,1882600.0
2018-02-28,NFLX,volume,7653454.0
2018-03-01,AAPL,volume,48801970.0
2018-03-01,AMZN,volume,6835230.0
2018-03-01,FB,volume,23201626.0
2018-03-01,GOOG,volume,2515910.0
2018-03-01,NFLX,volume,11932051.0
2018-03-02,AAPL,volume,38453950.0
2018-03-02,AMZN,volume,6587564.0
2018-03-02,FB,volume,20025905.0
2018-03-02,GOOG,volume,2271551.0
2018-03-02,NFLX,volume,13345313.0
2018-03-05,AAPL,volume,28401366.0
2018-03-05,AMZN,volume,5233934.0
2018-03-05,FB,volume,16189280.0
2018-03-05,GOOG,volume,1202174.0
2018-03-05,NFLX,volume,18986099.0
2018-03-06,AAPL,volume,23788506.0
2018-03-06,AMZN,volume,4561718.0
2018-03-06,FB,volume,15086784.0
2018-03-06,GOOG,volume,1532783.0
2018-03-06,NFLX,volume,18525844.0
2018-03-07,AAPL,volume,31703462.0
2018-03-07,AMZN,volume,4174123.0
2018-03-07,FB,volume,19097293.0
2018-03-07,GOOG,volume,1292537.0
2018-03-07,NFLX,volume,17132222.0
2018-03-08,AAPL,volume,23774107.0
2018-03-08,AMZN,volume,3862615.0
2018-03-08,FB,volume,17225946.0
2018-03-08,GOOG,volume,1355125.0
2018-03-08,NFLX,volume,11340066.0
2018-03-09,AAPL,volume,32185162.0
2018-03-09,AMZN,volume,4534250.0
2018-03-09,FB,volume,18526292.0
2018-03-09,GOOG,volume,2128038.0
2018-03-09,NFLX,volume,14500219.0
2018-03-12,AAPL,volume,32207081.0
2018-03-12,AMZN,volume,5174211.0
2018-03-12,FB,volume,15301229.0
2018-03-12,GOOG,volume,2172272.0
2018-03-12,NFLX,volume,20369152.0
2018-03-13,AAPL,volume,31693529.0
2018-03-13,AMZN,volume,6531892.0
2018-03-13,FB,volume,18067477.0
2018-03-13,GOOG,volume,1907171.0
2018-03-13,NFLX,volume,12917224.0
2018-03-14,AAPL,volume,29368356.0
2018-03-14,AMZN,volume,4259443.0
2018-03-14,FB,volume,16821728.0
2018-03-14,GOOG,volume,1291415.0
2018-03-14,NFLX,volume,10475073.0
2018-03-15,AAPL,volume,22743798.0
2018-03-15,AMZN,volume,4069701.0
2018-03-15,FB,volume,15645035.0
2018-03-15,GOOG,volume,1472226.0
2018-03-15,NFLX,volume,5642883.0
2018-03-16,AAPL,volume,39404688.0
2018-03-16,AMZN,volume,5425012.0
2018-03-16,FB,volume,24403438.0
2018-03-16,GOOG,volume,3091954.0
2018-03-16,NFLX,volume,7333734.0
2018-03-19,AAPL,volume,33446771.0
2018-03-19,AMZN,volume,6580766.0
2018-03-19,FB,volume,88140060.0
2018-03-19,GOOG,volume,2805937.0
2018-03-19,NFLX,volume,9925162.0
2018-03-20,AAPL,volume,19649350.0
2018-03-20,AMZN,volume,4581568.0
2018-03-20,FB,volume,129851768.0
2018-03-20,GOOG,volume,1831896.0
2018-03-20,NFLX,volume,5991945.0
2018-03-21,AAPL,volume,37054935.0
2018-03-21,AMZN,volume,4750771.0
2018-03-21,FB,volume,106598834.0
2018-03-21,GOOG,volume,1878873.0
2018-03-21,NFLX,volume,5263911.0
2018-03-22,AAPL,volume,41490767.0
2018-03-22,AMZN,volume,6320551.0
2018-03-22,FB,volume,73742979.0
2018-03-22,GOOG,volume,2666964.0
2018-03-22,NFLX,volume,8063305.0
2018-03-23,AAPL,volume,41028784.0
2018-03-23,AMZN,volume,8006033.0
2018-03-23,FB,volume,53609706.0
2018-03-23,GOOG,volume,2156672.0
2018-03-23,NFLX,volume,9529948.0
2018-03-26,AAPL,volume,37541236.0
2018-03-26,AMZN,volume,5624700.0
2018-03-26,FB,volume,126116634.0
2018-03-26,GOOG,volume,2665131.0
2018-03-26,NFLX,volume,11988274.0
2018-03-27,AAPL,volume,40922579.0
2018-03-27,AMZN,volume,6999631.0
2018-03-27,FB,volume,79116995.0
2018-03-27,GOOG,volume,3095315.0
2018-03-27,NFLX,volume,12068632.0
2018-03-28,AAPL,volume,41668545.0
2018-03-28,AMZN,volume,13705317.0
2018-03-28,FB,volume,60029170.0
2018-03-28,GOOG,volume,3369275.0
2018-03-28,NFLX,volume,18972912.0
2018-03-29,AAPL,volume,38398505.0
2018-03-29,AMZN,volume,12581121.0
2018-03-29,FB,volume,59434293.0
2018-03-29,GOOG,volume,2726830.0
2018-03-29,NFLX,volume,19145522.0
2018-04-02,AAPL,volume,37586791.0
2018-04-02,AMZN,volume,10463607.0
2018-04-02,FB,volume,36795991.0
2018-04-02,GOOG,volume,2680400.0
2018-04-02,NFLX,volume,13405760.0
2018-04-03,AAPL,volume,30278046.0
2018-04-03,AMZN,volume,10231212.0
2018-04-03,FB,volume,42543865.0
2018-04-03,GOOG,volume,2275076.0
2018-04-03,NFLX,volume,12694862.0
2018-04-04,AAPL,volume,34605489.0
2018-04-04,AMZN,volume,6982305.0
2018-04-04,FB,volume,49885584.0
2018-04-04,GOOG,volume,2484651.0
2018-04-04,NFLX,volume,12913978.0
2018-04-05,AAPL,volume,26933197.0
2018-04-05,AMZN,volume,6413459.0
2018-04-05,FB,volume,41449609.0
2018-04-05,GOOG,volume,1363049.0
2018-04-05,NFLX,volume,10655178.0
2018-04-06,AAPL,volume,35005290.0
2018-04-06,AMZN,volume,5882257.0
2018-04-06,FB,volume,41644812.0
2018-04-06,GOOG,volume,1746430.0
2018-04-06,NFLX,volume,11444777.0
2018-04-09,AAPL,volume,29017718.0
2018-04-09,AMZN,volume,4208206.0
2018-04-09,FB,volume,34915227.0
2018-04-09,GOOG,volume,1751559.0
2018-04-09,NFLX,volume,9853564.0
2018-04-10,AAPL,volume,28614241.0
2018-04-10,AMZN,volume,4280144.0
2018-04-10,FB,volume,58947041.0
2018-04-10,GOOG,volume,2029648.0
2018-04-10,NFLX,volume,10719097.0
2018-04-11,AAPL,volume,22431640.0
2018-04-11,AMZN,volume,3582533.0
2018-04-11,FB,volume,56144633.0
2018-04-11,GOOG,volume,1483881.0
2018-04-11,NFLX,volume,14877429.0
2018-04-12,AAPL,volume,22889285.0
2018-04-12,AMZN,volume,3135027.0
2018-04-12,FB,volume,38262956.0
2018-04-12,GOOG,volume,1359389.0
2018-04-12,NFLX,volume,10249403.0
2018-04-13,AAPL,volume,25124255.0
2018-04-13,AMZN,volume,3685267.0
2018-04-13,FB,volume,19990561.0
2018-04-13,GOOG,volume,1223017.0
2018-04-13,NFLX,volume,12046573.0
2018-04-16,AAPL,volume,21578420.0
2018-04-16,AMZN,volume,2808624.0
2018-04-16,FB,volume,18119435.0
2018-04-16,GOOG,volume,1211208.0
2018-04-16,NFLX,volume,20307921.0
2018-04-17,AAPL,volume,26605442.0
2018-04-17,AMZN,volume,5114403.0
2018-04-17,FB,volume,22743029.0
2018-04-17,GOOG,volume,2320266.0
2018-04-17,NFLX,volume,33866456.0
2018-04-18,AAPL,volume,20754538.0
2018-04-18,AMZN,volume,5227509.0
2018-04-18,FB,volume,20969568.0
2018-04-18,GOOG,volume,1344138.0
2018-04-18,NFLX,volume,11221139.0
2018-04-19,AAPL,volume,34808800.0
2018-04-19,AMZN,volume,6523728.0
2018-04-19,FB,volume,22234961.0
2018-04-19,GOOG,volume,1747671.0
2018-04-19,NFLX,volume,8438825.0
2018-04-20,AAPL,volume,65491140.0
2018-04-20,AMZN,volume,5541622.0
2018-04-20,FB,volume,19119438.0
2018-04-20,GOOG,volume,1889686.0
2018-04-20,NFLX,volume,9158655.0
2018-04-23,AAPL,volume,36515477.0
2018-04-23,AMZN,volume,4465424.0
2018-04-23,FB,volume,23088102.0
2018-04-23,GOOG,volume,2341258.0
2018-04-23,NFLX,volume,8968015.0
2018-04-24,AAPL,volume,33692017.0
2018-04-24,AMZN,volume,7494699.0
2018-04-24,FB,volume,35079926.0
2018-04-24,GOOG,volume,4760260.0
2018-04-24,NFLX,volume,13893217.0
2018-04-25,AAPL,volume,28382084.0
2018-04-25,AMZN,volume,6587290.0
2018-04-25,FB,volume,41083581.0
2018-04-25,GOOG,volume,2391105.0
2018-04-25,NFLX,volume,14919698.0
2018-04-26,AAPL,volume,27963014.0
2018-04-26,AMZN,volume,8801101.0
2018-04-26,FB,volume,77556934.0
2018-04-26,GOOG,volume,2079533.0
2018-04-26,NFLX,volume,9266699.0
2018-04-27,AAPL,volume,35655839.0
2018-04-27,AMZN,volume,13053241.0
2018-04-27,FB,volume,29804657.0
2018-04-27,GOOG,volume,1619796.0
2018-04-27,NFLX,volume,7074384.0
2018-04-30,AAPL,volume,42427424.0
2018-04-30,AMZN,volume,5464085.0
2018-04-30,FB,volume,20750478.0
2018-04-30,GOOG,volume,1671254.0
2018-04-30,NFLX,volume,6088787.0
2018-05-01,AAPL,volume,53569376.0
2018-05-01,AMZN,volume,4572071.0
2018-05-01,FB,volume,26025932.0
2018-05-01,GOOG,volume,1427857.0
2018-05-01,NFLX,volume,6036639.0
2018-05-02,AAPL,volume,66539371.0
2018-05-02,AMZN,volume,4360273.0
2018-05-02,FB,volume,30424450.0
2018-05-02,GOOG,volume,1603081.0
2018-05-02,NFLX,volume,5697120.0
2018-05-03,AAPL,volume,34068180.0
2018-05-03,AMZN,volume,4251917.0
2018-05-03,FB,volume,24026071.0
2018-05-03,GOOG,volume,1815058.0
2018-05-03,NFLX,volume,6135828.0
2018-05-04,AAPL,volume,56201317.0
2018-05-04,AMZN,volume,3443567.0
2018-05-04,FB,volume,17677844.0
2018-05-04,GOOG,volume,1938658.0
2018-05-04,NFLX,volume,8209513.0
2018-05-07,AAPL,volume,42451423.0
2018-05-07,AMZN,volume,3801855.0
2018-05-07,FB,volume,18697195.0
2018-05-07,GOOG,volume,1466065.0
2018-05-07,NFLX,volume,7117823.0
2018-05-08,AAPL,volume,28402777.0
2018-05-08,AMZN,volume,3067949.0
2018-05-08,FB,volume,15577211.0
2018-05-08,GOOG,volume,1217721.0
2018-05-08,NFLX,volume,4735738.0
2018-05-09,AAPL,volume,23211241.0
2018-05-09,AMZN,volume,3637302.0
2018-05-09,FB,volume,23282811.0
2018-05-09,GOOG,volume,2032818.0
2018-05-09,NFLX,volume,5633444.0
2018-05-10,AAPL,volume,27989289.0
2018-05-10,AMZN,volume,2817450.0
2018-05-10,FB,volume,21071403.0
2018-05-10,GOOG,volume,1443025.0
2018-05-10,NFLX,volume,5302254.0
2018-05-11,AAPL,volume,26212221.0
2018-05-11,AMZN,volume,2263900.0
2018-05-11,FB,volume,21207848.0
2018-05-11,GOOG,volume,1253665.0
2018-05-11,NFLX,volume,4589731.0
2018-05-14,AAPL,volume,20778772.0
2018-05-14,AMZN,volume,2509483.0
2018-05-14,FB,volume,15646744.0
2018-05-14,GOOG,volume,1518077.0
2018-05-14,NFLX,volume,4089800.0
2018-05-15,AAPL,volume,23695159.0
2018-05-15,AMZN,volume,5077465.0
2018-05-15,FB,volume,15429433.0
2018-05-15,GOOG,volume,1494872.0
2018-05-15,NFLX,volume,4746096.0
2018-05-16,AAPL,volume,19183064.0
2018-05-16,AMZN,volume,2570572.0
2018-05-16,FB,volume,16975495.0
2018-05-16,GOOG,volume,1097317.0
2018-05-16,NFLX,volume,3671690.0
2018-05-17,AAPL,volume,17294029.0
2018-05-17,AMZN,volume,2147606.0
2018-05-17,FB,volume,14840675.0
2018-05-17,GOOG,volume,1043766.0
2018-05-17,NFLX,volume,4935708.0
2018-05-18,AAPL,volume,18297728.0
2018-05-18,AMZN,volume,2642584.0
2018-05-18,FB,volume,13130451.0
2018-05-18,GOOG,volume,1565240.0
2018-05-18,NFLX,volume,3577717.0
2018-05-21,AAPL,volume,18400787.0
2018-05-21,AMZN,volume,2925235.0
2018-05-21,FB,volume,13532864.0
2018-05-21,GOOG,volume,1023211.0
2018-05-21,NFLX,volume,6657326.0
2018-05-22,AAPL,volume,15240704.0
2018-05-22,AMZN,volume,2115639.0
2018-05-22,FB,volume,12731419.0
2018-05-22,GOOG,volume,1090002.0
2018-05-22,NFLX,volume,5964448.0
2018-05-23,AAPL,volume,20058415.0
2018-05-23,AMZN,volume,3361892.0
2018-05-23,FB,volume,16628100.0
2018-05-23,GOOG,volume,1060683.0
2018-05-23,NFLX,volume,10049147.0
2018-05-24,AAPL,volume,23233975.0
2018-05-24,AMZN,volume,3429975.0
2018-05-24,FB,volume,12354742.0
2018-05-24,GOOG,volume,766773.0
2018-05-24,NFLX,volume,14758553.0
2018-05-25,AAPL,volume,17460963.0
2018-05-25,AMZN,volume,2698400.0
2018-05-25,FB,volume,10965061.0
2018-05-25,GOOG,volume,899406.0
2018-05-25,NFLX,volume,7817400.0
2018-05-29,AAPL,volume,22514075.0
2018-05-29,AMZN,volume,3846477.0
2018-05-29,FB,volume,16398937.0
2018-05-29,GOOG,volume,1865139.0
2018-05-29,NFLX,volume,9717921.0
2018-05-30,AAPL,volume,18690547.0
2018-05-30,AMZN,volume,2907357.0
2018-05-30,FB,volume,13736866.0
2018-05-30,GOOG,volume,1138457.0
2018-05-30,NFLX,volume,5685531.0
2018-05-31,AAPL,volume,27482793.0
2018-05-31,AMZN,volume,3166330.0
2018-05-31,FB,volume,30782631.0
2018-05-31,GOOG,volume,3088305.0
2018-05-31,NFLX,volume,6921687.0
2018-06-01,AAPL,volume,23442510.0
2018-06-01,AMZN,volume,3313385.0
2018-06-01,FB,volume,17307245.0
2018-06-01,GOOG,volume,2421598.0
2018-06-01,NFLX,volume,7112292.0
2018-06-04,AAPL,volume,26266174.0
2018-06-04,AMZN,volume,3187737.0
2018-06-04,FB,volume,18939795.0
2018-06-04,GOOG,volume,1889579.0
2018-06-04,NFLX,volume,7681995.0
2018-06-05,AAPL,volume,21565963.0
2018-06-05,AMZN,volume,4782177.0
2018-06-05,FB,volume,15544294.0
2018-06-05,GOOG,volume,1677973.0
2018-06-05,NFLX,volume,8358045.0
2018-06-06,AAPL,volume,20933619.0
2018-06-06,AMZN,volume,5473213.0
2018-06-06,FB,volume,22558920.0
2018-06-06,GOOG,volume,1698247.0
2018-06-06,NFLX,volume,7712302.0
2018-06-07,AAPL,volume,21347180.0
2018-06-07,AMZN,volume,3765687.0
2018-06-07,FB,volume,21503171.0
2018-06-07,GOOG,volume,1520020.0
2018-06-07,NFLX,volume,8278040.0
2018-06-08,AAPL,volume,26656799.0
2018-06-08,AMZN,volume,2955110.0
2018-06-08,FB,volume,12677092.0
2018-06-08,GOOG,volume,1290845.0
2018-06-08,NFLX,volume,5225736.0
2018-06-11,AAPL,volume,18308460.0
2018-06-11,AMZN,volume,2335484.0
2018-06-11,FB,volume,12928907.0
2018-06-11,GOOG,volume,1079294.0
2018-06-11,NFLX,volume,4432445.0
2018-06-12,AAPL,volume,16911141.0
2018-06-12,AMZN,volume,2259215.0
2018-06-12,FB,volume,11562704.0
2018-06-12,GOOG,volume,912018.0
2018-06-12,NFLX,volume,4290969.0
2018-06-13,AAPL,volume,21638393.0
2018-06-13,AMZN,volume,3327529.0
2018-06-13,FB,volume,15853821.0
2018-06-13,GOOG,volume,1506407.0
2018-06-13,NFLX,volume,18222799.0
2018-06-14,AAPL,volume,21610074.0
2018-06-14,AMZN,volume,3174415.0
2018-06-14,FB,volume,19120866.0
2018-06-14,GOOG,volume,1350868.0
2018-06-14,NFLX,volume,14598333.0
2018-06-15,AAPL,volume,61719160.0
2018-06-15,AMZN,volume,4777646.0
2018-06-15,FB,volume,21860931.0
2018-06-15,GOOG,volume,2122476.0
2018-06-15,NFLX,volume,13588114.0
2018-06-18,AAPL,volume,18484865.0
2018-06-18,AMZN,volume,3107742.0
2018-06-18,FB,volume,16826023.0
2018-06-18,GOOG,volume,1413692.0
2018-06-18,NFLX,volume,6824794.0
2018-06-19,AAPL,volume,33578455.0
2018-06-19,AMZN,volume,4290117.0
2018-06-19,FB,volume,19993996.0
2018-06-19,GOOG,volume,1621018.0
2018-06-19,NFLX,volume,16697104.0
2018-06-20,AAPL,volume,20628701.0
2018-06-20,AMZN,volume,4332591.0
2018-06-20,FB,volume,28230933.0
2018-06-20,GOOG,volume,1648536.0
2018-06-20,NFLX,volume,16494572.0
2018-06-21,AAPL,volume,25711898.0
2018-06-21,AMZN,volume,4941148.0
2018-06-21,FB,volume,19045717.0
2018-06-21,GOOG,volume,1238118.0
2018-06-21,NFLX,volume,18389936.0
2018-06-22,AAPL,volume,27200447.0
2018-06-22,AMZN,volume,4075124.0
2018-06-22,FB,volume,17420188.0
2018-06-22,GOOG,volume,1310967.0
2018-06-22,NFLX,volume,10428621.0
2018-06-25,AAPL,volume,31663096.0
2018-06-25,AMZN,volume,7511196.0
2018-06-25,FB,volume,25275137.0
2018-06-25,GOOG,volume,2157310.0
2018-06-25,NFLX,volume,22490922.0
2018-06-26,AAPL,volume,24569201.0
2018-06-26,AMZN,volume,4386585.0
2018-06-26,FB,volume,17897576.0
2018-06-26,GOOG,volume,1563225.0
2018-06-26,NFLX,volume,15191157.0
2018-06-27,AAPL,volume,25285328.0
2018-06-27,AMZN,volume,4872201.0
2018-06-27,FB,volume,18734408.0
2018-06-27,GOOG,volume,1293892.0
2018-06-27,NFLX,volume,16541426.0
2018-06-28,AAPL,volume,17365235.0
2018-06-28,AMZN,volume,4529700.0
2018-06-28,FB,volume,18172439.0
2018-06-28,GOOG,volume,1072438.0
2018-06-28,NFLX,volume,12219888.0
2018-06-29,AAPL,volume,22737666.0
2018-06-29,AMZN,volume,4543508.0
2018-06-29,FB,volume,15811602.0
2018-06-29,GOOG,volume,1315121.0
2018-06-29,NFLX,volume,9252511.0
2018-07-02,AAPL,volume,17731343.0
2018-07-02,AMZN,volume,3185696.0
2018-07-02,FB,volume,13961578.0
2018-07-02,GOOG,volume,1217311.0
2018-07-02,NFLX,volume,8142457.0
2018-07-03,AAPL,volume,13954806.0
2018-07-03,AMZN,volume,2177276.0
2018-07-03,FB,volume,13489514.0
2018-07-03,GOOG,volume,679034.0
2018-07-03,NFLX,volume,5280344.0
2018-07-05,AAPL,volume,16604248.0
2018-07-05,AMZN,volume,2983110.0
2018-07-05,FB,volume,19684193.0
2018-07-05,GOOG,volume,1066685.0
2018-07-05,NFLX,volume,8448937.0
2018-07-06,AAPL,volume,17485245.0
2018-07-06,AMZN,volume,2650262.0
2018-07-06,FB,volume,19740131.0
2018-07-06,GOOG,volume,996079.0
2018-07-06,NFLX,volume,8629606.0
2018-07-09,AAPL,volume,19756634.0
2018-07-09,AMZN,volume,3011988.0
2018-07-09,FB,volume,18149437.0
2018-07-09,GOOG,volume,908969.0
2018-07-09,NFLX,volume,11127477.0
2018-07-10,AAPL,volume,15939149.0
2018-07-10,AMZN,volume,3002905.0
2018-07-10,FB,volume,13190067.0
2018-07-10,GOOG,volume,798412.0
2018-07-10,NFLX,volume,9382944.0
2018-07-11,AAPL,volume,18831470.0
2018-07-11,AMZN,volume,3209782.0
2018-07-11,FB,volume,12927377.0
2018-07-11,GOOG,volume,1119993.0
2018-07-11,NFLX,volume,9713904.0
2018-07-12,AAPL,volume,18041131.0
2018-07-12,AMZN,volume,4532743.0
2018-07-12,FB,volume,15454706.0
2018-07-12,GOOG,volume,1251884.0
2018-07-12,NFLX,volume,12743273.0
2018-07-13,AAPL,volume,12519792.0
2018-07-13,AMZN,volume,4386679.0
2018-07-13,FB,volume,11503401.0
2018-07-13,GOOG,volume,1222072.0
2018-07-13,NFLX,volume,15747266.0
2018-07-16,AAPL,volume,15043110.0
2018-07-16,AMZN,volume,5466195.0
2018-07-16,FB,volume,11078209.0
2018-07-16,GOOG,volume,1055662.0
2018-07-16,NFLX,volume,22959984.0
2018-07-17,AAPL,volume,15534523.0
2018-07-17,AMZN,volume,5682881.0
2018-07-17,FB,volume,15349892.0
2018-07-17,GOOG,volume,1610353.0
2018-07-17,NFLX,volume,58410362.0
2018-07-18,AAPL,volume,16393381.0
2018-07-18,AMZN,volume,4861913.0
2018-07-18,FB,volume,15334907.0
2018-07-18,GOOG,volume,1393606.0
2018-07-18,NFLX,volume,21746266.0
2018-07-19,AAPL,volume,20286752.0
2018-07-19,AMZN,volume,4676942.0
2018-07-19,FB,volume,11350429.0
2018-07-19,GOOG,volume,1276667.0
2018-07-19,NFLX,volume,16878681.0
2018-07-20,AAPL,volume,20706042.0
2018-07-20,AMZN,volume,3891566.0
2018-07-20,FB,volume,16241508.0
2018-07-20,GOOG,volume,1248400.0
2018-07-20,NFLX,volume,15113740.0
2018-07-23,AAPL,volume,15989365.0
2018-07-23,AMZN,volume,3888462.0
2018-07-23,FB,volume,16731969.0
2018-07-23,GOOG,volume,2619234.0
2018-07-23,NFLX,volume,11505232.0
2018-07-24,AAPL,volume,18697898.0
2018-07-24,AMZN,volume,4278723.0
2018-07-24,FB,volume,28468681.0
2018-07-24,GOOG,volume,3318204.0
2018-07-24,NFLX,volume,12851457.0
2018-07-25,AAPL,volume,16826483.0
2018-07-25,AMZN,volume,3836333.0
2018-07-25,FB,volume,64592585.0
2018-07-25,GOOG,volume,2139999.0
2018-07-25,NFLX,volume,8516248.0
2018-07-26,AAPL,volume,19075964.0
2018-07-26,AMZN,volume,9924371.0
2018-07-26,FB,volume,169803668.0
2018-07-26,GOOG,volume,2405638.0
2018-07-26,NFLX,volume,6993684.0
2018-07-27,AAPL,volume,24023972.0
2018-07-27,AMZN,volume,9680959.0
2018-07-27,FB,volume,60073749.0
2018-07-27,GOOG,volume,2130558.0
2018-07-27,NFLX,volume,8949491.0
2018-07-30,AAPL,volume,21029535.0
2018-07-30,AMZN,volume,6562321.0
2018-07-30,FB,volume,65280787.0
2018-07-30,GOOG,volume,1849904.0
2018-07-30,NFLX,volume,18260710.0
2018-07-31,AAPL,volume,39373038.0
2018-07-31,AMZN,volume,5738713.0
2018-07-31,FB,volume,40356471.0
2018-07-31,GOOG,volume,1644722.0
2018-07-31,NFLX,volume,14085369.0
2018-08-01,AAPL,volume,67935716.0
2018-08-01,AMZN,volume,4153096.0
2018-08-01,FB,volume,34042109.0
2018-08-01,GOOG,volume,1567264.0
2018-08-01,NFLX,volume,7790477.0
2018-08-02,AAPL,volume,62404012.0
2018-08-02,AMZN,volume,4354681.0
2018-08-02,FB,volume,32399954.0
2018-08-02,GOOG,volume,1531299.0
2018-08-02,NFLX,volume,7131328.0
2018-08-03,AAPL,volume,33447396.0
2018-08-03,AMZN,volume,3460487.0
2018-08-03,FB,volume,24763434.0
2018-08-03,GOOG,volume,1089896.0
2018-08-03,NFLX,volume,8848367.0
2018-08-06,AAPL,volume,25425387.0
2018-08-06,AMZN,volume,3391825.0
2018-08-06,FB,volume,49716192.0
2018-08-06,GOOG,volume,1081723.0
2018-08-06,NFLX,volume,8198076.0
2018-08-07,AAPL,volume,25587387.0
2018-08-07,AMZN,volume,3377473.0
2018-08-07,FB,volume,33398562.0
2018-08-07,GOOG,volume,1493980.0
2018-08-07,NFLX,volume,7970930.0
2018-08-08,AAPL,volume,22525487.0
2018-08-08,AMZN,volume,3963017.0
2018-08-08,FB,volume,22205230.0
2018-08-08,GOOG,volume,1370913.0
2018-08-08,NFLX,volume,5402465.0
2018-08-09,AAPL,volume,23492626.0
2018-08-09,AMZN,volume,4860374.0
2018-08-09,FB,volume,19732120.0
2018-08-09,GOOG,volume,848601.0
2018-08-09,NFLX,volume,4820313.0
2018-08-10,AAPL,volume,24611202.0
2018-08-10,AMZN,volume,3639927.0
2018-08-10,FB,volume,21500410.0
2018-08-10,GOOG,volume,1108919.0
2018-08-10,NFLX,volume,4337481.0
2018-08-13,AAPL,volume,25890880.0
2018-08-13,AMZN,volume,5531475.0
2018-08-13,FB,volume,17423264.0
2018-08-13,GOOG,volume,997346.0
2018-08-13,NFLX,volume,6893649.0
2018-08-14,AAPL,volume,20748010.0
2018-08-14,AMZN,volume,3986123.0
2018-08-14,FB,volume,19101995.0
2018-08-14,GOOG,volume,1348194.0
2018-08-14,NFLX,volume,5805182.0
2018-08-15,AAPL,volume,28807564.0
2018-08-15,AMZN,volume,7700682.0
2018-08-15,FB,volume,33020231.0
2018-08-15,GOOG,volume,1828814.0
2018-08-15,NFLX,volume,11784485.0
2018-08-16,AAPL,volume,28500367.0
2018-08-16,AMZN,volume,3957090.0
2018-08-16,FB,volume,31351784.0
2018-08-16,GOOG,volume,1343161.0
2018-08-16,NFLX,volume,6689733.0
2018-08-17,AAPL,volume,35426997.0
2018-08-17,AMZN,volume,4104300.0
2018-08-17,FB,volume,24893176.0
2018-08-17,GOOG,volume,1389645.0
2018-08-17,NFLX,volume,10407908.0
2018-08-20,AAPL,volume,30287695.0
2018-08-20,AMZN,volume,2862016.0
2018-08-20,FB,volume,21518006.0
2018-08-20,GOOG,volume,870772.0
2018-08-20,NFLX,volume,13591100.0
2018-08-21,AAPL,volume,26159755.0
2018-08-21,AMZN,volume,3105626.0
2018-08-21,FB,volume,19578514.0
2018-08-21,GOOG,volume,1205580.0
2018-08-21,NFLX,volume,14783246.0
2018-08-22,AAPL,volume,19018131.0
2018-08-22,AMZN,volume,3080464.0
2018-08-22,FB,volume,16894083.0
2018-08-22,GOOG,volume,887389.0
2018-08-22,NFLX,volume,8930669.0
2018-08-23,AAPL,volume,18883224.0
2018-08-23,AMZN,volume,3562997.0
2018-08-23,FB,volume,18053567.0
2018-08-23,GOOG,volume,992604.0
2018-08-23,NFLX,volume,11336425.0
2018-08-24,AAPL,volume,18476356.0
2018-08-24,AMZN,volume,2800863.0
2018-08-24,FB,volume,14631556.0
2018-08-24,GOOG,volume,946840.0
2018-08-24,NFLX,volume,14729137.0
2018-08-27,AAPL,volume,20525117.0
2018-08-27,AMZN,volume,3569037.0
2018-08-27,FB,volume,17921935.0
2018-08-27,GOOG,volume,1156255.0
2018-08-27,NFLX,volume,17427304.0
2018-08-28,AAPL,volume,22776766.0
2018-08-28,AMZN,volume,3100727.0
2018-08-28,FB,volume,15910675.0
2018-08-28,GOOG,volume,1304007.0
2018-08-28,NFLX,volume,9222617.0
2018-08-29,AAPL,volume,27254804.0
2018-08-29,AMZN,volume,6531761.0
2018-08-29,FB,volume,18678301.0
2018-08-29,GOOG,volume,1309312.0
2018-08-29,NFLX,volume,8118734.0
2018-08-30,AAPL,volume,48793824.0
2018-08-30,AMZN,volume,7277257.0
2018-08-30,FB,volume,24216532.0
2018-08-30,GOOG,volume,1331439.0
2018-08-30,NFLX,volume,10981013.0
2018-08-31,AAPL,volume,43340134.0
2018-08-31,AMZN,volume,4204378.0
2018-08-31,FB,volume,18065159.0
2018-08-31,GOOG,volume,1816426.0
2018-08-31,NFLX,volume,7943443.0
2018-09-04,AAPL,volume,27390132.0
2018-09-04,AMZN,volume,5721093.0
2018-09-04,FB,volume,29808971.0
2018-09-04,GOOG,volume,1831045.0
2018-09-04,NFLX,volume,7605161.0
2018-09-05,AAPL,volume,33332960.0
2018-09-05,AMZN,volume,8220576.0
2018-09-05,FB,volume,31226744.0
2018-09-05,GOOG,volume,2061309.0
2018-09-05,NFLX,volume,13092847.0
2018-09-06,AAPL,volume,34289976.0
2018-09-06,AMZN,volume,7488680.0
2018-09-06,FB,volume,41514834.0
2018-09-06,GOOG,volume,1888467.0
2018-09-06,NFLX,volume,13050156.0
2018-09-07,AAPL,volume,37619810.0
2018-09-07,AMZN,volume,4892643.0
2018-09-07,FB,volume,24300600.0
2018-09-07,GOOG,volume,1401404.0
2018-09-07,NFLX,volume,9105817.0
2018-09-10,AAPL,volume,39516453.0
2018-09-10,AMZN,volume,4544831.0
2018-09-10,FB,volume,20197680.0
2018-09-10,GOOG,volume,1115796.0
2018-09-10,NFLX,volume,5752184.0
2018-09-11,AAPL,volume,35749049.0
2018-09-11,AMZN,volume,5033645.0
2018-09-11,FB,volume,20457088.0
2018-09-11,GOOG,volume,1209565.0
2018-09-11,NFLX,volume,6198063.0
2018-09-12,AAPL,volume,49278740.0
2018-09-12,AMZN,volume,4414012.0
2018-09-12,FB,volume,24078118.0
2018-09-12,GOOG,volume,1295472.0
2018-09-12,NFLX,volume,10480769.0
2018-09-13,AAPL,volume,41706377.0
2018-09-13,AMZN,volume,3621511.0
2018-09-13,FB,volume,25453775.0
2018-09-13,GOOG,volume,1431214.0
2018-09-13,NFLX,volume,8366122.0
2018-09-14,AAPL,volume,31999289.0
2018-09-14,AMZN,volume,3642030.0
2018-09-14,FB,volume,21770405.0
2018-09-14,GOOG,volume,943978.0
2018-09-14,NFLX,volume,4756426.0
2018-09-17,AAPL,volume,37195133.0
2018-09-17,AMZN,volume,7050192.0
2018-09-17,FB,volume,21005321.0
2018-09-17,GOOG,volume,1306522.0
2018-09-17,NFLX,volume,7071945.0
2018-09-18,AAPL,volume,31571712.0
2018-09-18,AMZN,volume,4268706.0
2018-09-18,FB,volume,22465236.0
2018-09-18,GOOG,volume,1203686.0
2018-09-18,NFLX,volume,10413981.0
2018-09-19,AAPL,volume,27123833.0
2018-09-19,AMZN,volume,4056822.0
2018-09-19,FB,volume,19628996.0
2018-09-19,GOOG,volume,1191386.0
2018-09-19,NFLX,volume,11876841.0
2018-09-20,AAPL,volume,26608794.0
2018-09-20,AMZN,volume,3154934.0
2018-09-20,FB,volume,18936038.0
2018-09-20,GOOG,volume,1225387.0
2018-09-20,NFLX,volume,6768086.0
2018-09-21,AAPL,volume,96246748.0
2018-09-21,AMZN,volume,6855898.0
2018-09-21,FB,volume,45994800.0
2018-09-21,GOOG,volume,4405584.0
2018-09-21,NFLX,volume,11930568.0
2018-09-24,AAPL,volume,27693358.0
2018-09-24,AMZN,volume,4213728.0
2018-09-24,FB,volume,19222775.0
2018-09-24,GOOG,volume,1271017.0
2018-09-24,NFLX,volume,9322522.0
2018-09-25,AAPL,volume,24554379.0
2018-09-25,AMZN,volume,4538407.0
2018-09-25,FB,volume,27622806.0
2018-09-25,GOOG,volume,977731.0
2018-09-25,NFLX,volume,6799816.0
2018-09-26,AAPL,volume,23984706.0
2018-09-26,AMZN,volume,4313459.0
2018-09-26,FB,volume,25252231.0
2018-09-26,GOOG,volume,1462253.0
2018-09-26,NFLX,volume,13799728.0
2018-09-27,AAPL,volume,30181227.0
2018-09-27,AMZN,volume,4329391.0
2018-09-27,FB,volume,27266856.0
2018-09-27,GOOG,volume,1260754.0
2018-09-27,NFLX,volume,7326246.0
2018-09-28,AAPL,volume,22929364.0
2018-09-28,AMZN,volume,4085135.0
2018-09-28,FB,volume,34265638.0
2018-09-28,GOOG,volume,1380629.0
2018-09-28,NFLX,volume,7114878.0
2018-10-01,AAPL,volume,23600802.0
2018-10-01,AMZN,volume,3468285.0
2018-10-01,FB,volume,26407677.0
2018-10-01,GOOG,volume,1357604.0
2018-10-01,NFLX,volume,8376560.0
2018-10-02,AAPL,volume,24788170.0
2018-10-02,AMZN,volume,5400749.0
2018-10-02,FB,volume,36030977.0
2018-10-02,GOOG,volume,1687914.0
2018-10-02,NFLX,volume,8638717.0
2018-10-03,AAPL,volume,28654799.0
2018-10-03,AMZN,volume,5253131.0
2018-10-03,FB,volume,23109456.0
2018-10-03,GOOG,volume,1256214.0
2018-10-03,NFLX,volume,5798605.0
2018-10-04,AAPL,volume,32042000.0
2018-10-04,AMZN,volume,7256973.0
2018-10-04,FB,volume,25739635.0
2018-10-04,GOOG,volume,2209490.0
2018-10-04,NFLX,volume,9074350.0
2018-10-05,AAPL,volume,33580463.0
2018-10-05,AMZN,volume,6822327.0
2018-10-05,FB,volume,25744047.0
2018-10-05,GOOG,volume,1184452.0
2018-10-05,NFLX,volume,13522957.0
2018-10-08,AAPL,volume,29663923.0
2018-10-08,AMZN,volume,7393199.0
2018-10-08,FB,volume,24045968.0
2018-10-08,GOOG,volume,1932355.0
2018-10-08,NFLX,volume,12375496.0
2018-10-09,AAPL,volume,26891029.0
2018-10-09,AMZN,volume,4772866.0
2018-10-09,FB,volume,18844425.0
2018-10-09,GOOG,volume,1308764.0
2018-10-09,NFLX,volume,8754990.0
2018-10-10,AAPL,volume,41990554.0
2018-10-10,AMZN,volume,10988855.0
2018-10-10,FB,volume,30609970.0
2018-10-10,GOOG,volume,2675742.0
2018-10-10,NFLX,volume,17183120.0
2018-10-11,AAPL,volume,53124392.0
2018-10-11,AMZN,volume,13935872.0
2018-10-11,FB,volume,35338901.0
2018-10-11,GOOG,volume,2950120.0
2018-10-11,NFLX,volume,16082056.0
2018-10-12,AAPL,volume,40337851.0
2018-10-12,AMZN,volume,9444587.0
2018-10-12,FB,volume,25293492.0
2018-10-12,GOOG,volume,2101303.0
2018-10-12,NFLX,volume,14870830.0
2018-10-15,AAPL,volume,30791007.0
2018-10-15,AMZN,volume,6437162.0
2018-10-15,FB,volume,15433521.0
2018-10-15,GOOG,volume,1372393.0
2018-10-15,NFLX,volume,11214956.0
2018-10-16,AAPL,volume,29183963.0
2018-10-16,AMZN,volume,5859918.0
2018-10-16,FB,volume,19180095.0
2018-10-16,GOOG,volume,1928540.0
2018-10-16,NFLX,volume,20156418.0
2018-10-17,AAPL,volume,22885397.0
2018-10-17,AMZN,volume,5295177.0
2018-10-17,FB,volume,17592003.0
2018-10-17,GOOG,volume,1467226.0
2018-10-17,NFLX,volume,32610947.0
2018-10-18,AAPL,volume,32581315.0
2018-10-18,AMZN,volume,5873995.0
2018-10-18,FB,volume,21675084.0
2018-10-18,GOOG,volume,2094524.0
2018-10-18,NFLX,volume,18461040.0
2018-10-19,AAPL,volume,33078726.0
2018-10-19,AMZN,volume,5907246.0
2018-10-19,FB,volume,19761347.0
2018-10-19,GOOG,volume,1267649.0
2018-10-19,NFLX,volume,16717233.0
2018-10-22,AAPL,volume,28792082.0
2018-10-22,AMZN,volume,4500015.0
2018-10-22,FB,volume,15424658.0
2018-10-22,GOOG,volume,1514220.0
2018-10-22,NFLX,volume,17097175.0
2018-10-23,AAPL,volume,38767846.0
2018-10-23,AMZN,volume,6723913.0
2018-10-23,FB,volume,19095032.0
2018-10-23,GOOG,volume,1848654.0
2018-10-23,NFLX,volume,14907326.0
2018-10-24,AAPL,volume,40925163.0
2018-10-24,AMZN,volume,6928383.0
2018-10-24,FB,volume,27744597.0
2018-10-24,GOOG,volume,1982430.0
2018-10-24,NFLX,volume,19039297.0
2018-10-25,AAPL,volume,29855768.0
2018-10-25,AMZN,volume,10285742.0
2018-10-25,FB,volume,22105696.0
2018-10-25,GOOG,volume,2545839.0
2018-10-25,NFLX,volume,13346921.0
2018-10-26,AAPL,volume,47258375.0
2018-10-26,AMZN,volume,14963783.0
2018-10-26,FB,volume,31303341.0
2018-10-26,GOOG,volume,4187586.0
2018-10-26,NFLX,volume,19616041.0
2018-10-29,AAPL,volume,45935520.0
2018-10-29,AMZN,volume,13866077.0
2018-10-29,FB,volume,31336784.0
2018-10-29,GOOG,volume,3880723.0
2018-10-29,NFLX,volume,21698841.0
2018-10-30,AAPL,volume,36659990.0
2018-10-30,AMZN,volume,12460086.0
2018-10-30,FB,volume,50528278.0
2018-10-30,GOOG,volume,3212657.0
2018-10-30,NFLX,volume,23685702.0
2018-10-31,AAPL,volume,38358933.0
2018-10-31,AMZN,volume,9390211.0
2018-10-31,FB,volume,60101251.0
2018-10-31,GOOG,volume,2529768.0
2018-10-31,NFLX,volume,20360342.0
2018-11-01,AAPL,volume,58323180.0
2018-11-01,AMZN,volume,8135539.0
2018-11-01,FB,volume,25640786.0
2018-11-01,GOOG,volume,1481979.0
2018-11-01,NFLX,volume,15121450.0
2018-11-02,AAPL,volume,91328654.0
2018-11-02,AMZN,volume,6955548.0
2018-11-02,FB,volume,24708695.0
2018-11-02,GOOG,volume,1839043.0
2018-11-02,NFLX,volume,13404646.0
2018-11-05,AAPL,volume,66163669.0
2018-11-05,AMZN,volume,5624727.0
2018-11-05,FB,volume,15969849.0
2018-11-05,GOOG,volume,2441430.0
2018-11-05,NFLX,volume,10283044.0
2018-11-06,AAPL,volume,31882881.0
2018-11-06,AMZN,volume,4257353.0
2018-11-06,FB,volume,16667124.0
2018-11-06,GOOG,volume,1233306.0
2018-11-06,NFLX,volume,9710424.0
2018-11-07,AAPL,volume,33424434.0
2018-11-07,AMZN,volume,8192234.0
2018-11-07,FB,volume,21877372.0
2018-11-07,GOOG,volume,2058356.0
2018-11-07,NFLX,volume,13328328.0
2018-11-08,AAPL,volume,25362636.0
2018-11-08,AMZN,volume,6534866.0
2018-11-08,FB,volume,24145814.0
2018-11-08,GOOG,volume,1488182.0
2018-11-08,NFLX,volume,11023853.0
2018-11-09,AAPL,volume,34365750.0
2018-11-09,AMZN,volume,5902186.0
2018-11-09,FB,volume,17326898.0
2018-11-09,GOOG,volume,1343313.0
2018-11-09,NFLX,volume,13480792.0
2018-11-12,AAPL,volume,51135518.0
2018-11-12,AMZN,volume,6806245.0
2018-11-12,FB,volume,18542123.0
2018-11-12,GOOG,volume,1471758.0
2018-11-12,NFLX,volume,10924827.0
2018-11-13,AAPL,volume,46882936.0
2018-11-13,AMZN,volume,5933271.0
2018-11-13,FB,volume,15141710.0
2018-11-13,GOOG,volume,1513702.0
2018-11-13,NFLX,volume,12232162.0
2018-11-14,AAPL,volume,60800957.0
2018-11-14,AMZN,volume,6486891.0
2018-11-14,FB,volume,22068384.0
2018-11-14,GOOG,volume,1565945.0
2018-11-14,NFLX,volume,16853574.0
2018-11-15,AAPL,volume,46478801.0
2018-11-15,AMZN,volume,8427337.0
2018-11-15,FB,volume,30320280.0
2018-11-15,GOOG,volume,1836084.0
2018-11-15,NFLX,volume,9967098.0
2018-11-16,AAPL,volume,36928253.0
2018-11-16,AMZN,volume,6066080.0
2018-11-16,FB,volume,37250560.0
2018-11-16,GOOG,volume,1658116.0
2018-11-16,NFLX,volume,9099485.0
2018-11-19,AAPL,volume,41920872.0
2018-11-19,AMZN,volume,7789981.0
2018-11-19,FB,volume,44362729.0
2018-11-19,GOOG,volume,1858614.0
2018-11-19,NFLX,volume,12993797.0
2018-11-20,AAPL,volume,67825247.0
2018-11-20,AMZN,volume,10878823.0
2018-11-20,FB,volume,41939475.0
2018-11-20,GOOG,volume,2449130.0
2018-11-20,NFLX,volume,16693809.0
2018-11-21,AAPL,volume,31124210.0
2018-11-21,AMZN,volume,5716800.0
2018-11-21,FB,volume,25469735.0
2018-11-21,GOOG,volume,1534274.0
2018-11-21,NFLX,volume,11023037.0
2018-11-23,AAPL,volume,23623972.0
2018-11-23,AMZN,volume,2707642.0
2018-11-23,FB,volume,11886128.0
2018-11-23,GOOG,volume,691462.0
2018-11-23,NFLX,volume,5245123.0
2018-11-26,AAPL,volume,44998520.0
2018-11-26,AMZN,volume,6257716.0
2018-11-26,FB,volume,24263640.0
2018-11-26,GOOG,volume,1942822.0
2018-11-26,NFLX,volume,12498560.0
2018-11-27,AAPL,volume,41387377.0
2018-11-27,AMZN,volume,5783227.0
2018-11-27,FB,volume,20750318.0
2018-11-27,GOOG,volume,1803164.0
2018-11-27,NFLX,volume,11149501.0
2018-11-28,AAPL,volume,46062539.0
2018-11-28,AMZN,volume,8458738.0
2018-11-28,FB,volume,29847505.0
2018-11-28,GOOG,volume,2475419.0
2018-11-28,NFLX,volume,14801333.0
2018-11-29,AAPL,volume,41769992.0
2018-11-29,AMZN,volume,6613243.0
2018-11-29,FB,volume,24238713.0
2018-11-29,GOOG,volume,1468859.0
2018-11-29,NFLX,volume,15431538.0
2018-11-30,AAPL,volume,39531549.0
2018-11-30,AMZN,volume,5761761.0
2018-11-30,FB,volume,25732577.0
2018-11-30,GOOG,volume,2580612.0
2018-11-30,NFLX,volume,11860117.0
2018-12-03,AAPL,volume,40798002.0
2018-12-03,AMZN,volume,6862160.0
2018-12-03,FB,volume,24819226.0
2018-12-03,GOOG,volume,1990758.0
2018-12-03,NFLX,volume,14117370.0
2018-12-04,AAPL,volume,41344282.0
2018-12-04,AMZN,volume,8694455.0
2018-12-04,FB,volume,30307400.0
2018-12-04,GOOG,volume,2345166.0
2018-12-04,NFLX,volume,12800586.0
2018-12-06,AAPL,volume,43098410.0
2018-12-06,AMZN,volume,8789394.0
2018-12-06,FB,volume,28218145.0
2018-12-06,GOOG,volume,2769225.0
2018-12-06,NFLX,volume,13074324.0
2018-12-07,AAPL,volume,42281631.0
2018-12-07,AMZN,volume,7576132.0
2018-12-07,FB,volume,21195460.0
2018-12-07,GOOG,volume,2101206.0
2018-12-07,NFLX,volume,12466711.0
2018-12-10,AAPL,volume,62025994.0
2018-12-10,AMZN,volume,7494808.0
2018-12-10,FB,volume,26422173.0
2018-12-10,GOOG,volume,1807725.0
2018-12-10,NFLX,volume,9605553.0
2018-12-11,AAPL,volume,47281665.0
2018-12-11,AMZN,volume,6244695.0
2018-12-11,FB,volume,20300349.0
2018-12-11,GOOG,volume,1394731.0
2018-12-11,NFLX,volume,9843199.0
2018-12-12,AAPL,volume,35627674.0
2018-12-12,AMZN,volume,6597968.0
2018-12-12,FB,volume,23696936.0
2018-12-12,GOOG,volume,1523804.0
2018-12-12,NFLX,volume,11456716.0
2018-12-13,AAPL,volume,31897827.0
2018-12-13,AMZN,volume,5271162.0
2018-12-13,FB,volume,18148610.0
2018-12-13,GOOG,volume,1329768.0
2018-12-13,NFLX,volume,8379292.0
2018-12-14,AAPL,volume,40703710.0
2018-12-14,AMZN,volume,6367163.0
2018-12-14,FB,volume,21785820.0
2018-12-14,GOOG,volume,1686619.0
2018-12-14,NFLX,volume,9915319.0
2018-12-17,AAPL,volume,44287922.0
2018-12-17,AMZN,volume,8829762.0
2018-12-17,FB,volume,24333959.0
2018-12-17,GOOG,volume,2385364.0
2018-12-17,NFLX,volume,9634734.0
2018-12-18,AAPL,volume,33841518.0
2018-12-18,AMZN,volume,6522975.0
2018-12-18,FB,volume,24709084.0
2018-12-18,GOOG,volume,2192533.0
2018-12-18,NFLX,volume,10350079.0
2018-12-19,AAPL,volume,49047297.0
2018-12-19,AMZN,volume,8792189.0
2018-12-19,FB,volume,57404894.0
2018-12-19,GOOG,volume,2479338.0
2018-12-19,NFLX,volume,13788448.0
2018-12-20,AAPL,volume,64772960.0
2018-12-20,AMZN,volume,9991833.0
2018-12-20,FB,volume,40297944.0
2018-12-20,GOOG,volume,2673464.0
2018-12-20,NFLX,volume,16792928.0
2018-12-21,AAPL,volume,95744384.0
2018-12-21,AMZN,volume,13640320.0
2018-12-21,FB,volume,56901491.0
2018-12-21,GOOG,volume,4595891.0
2018-12-21,NFLX,volume,21397595.0
2018-12-24,AAPL,volume,37169232.0
2018-12-24,AMZN,volume,7219996.0
2018-12-24,FB,volume,22066002.0
2018-12-24,GOOG,volume,1590328.0
2018-12-24,NFLX,volume,9547616.0
2018-12-26,AAPL,volume,58582544.0
2018-12-26,AMZN,volume,10411801.0
2018-12-26,FB,volume,39723370.0
2018-12-26,GOOG,volume,2373270.0
2018-12-26,NFLX,volume,14402735.0
2018-12-27,AAPL,volume,53117065.0
2018-12-27,AMZN,volume,9722034.0
2018-12-27,FB,volume,31202509.0
2018-12-27,GOOG,volume,2109777.0
2018-12-27,NFLX,volume,12235217.0
2018-12-28,AAPL,volume,42291424.0
2018-12-28,AMZN,volume,8828950.0
2018-12-28,FB,volume,22627569.0
2018-12-28,GOOG,volume,1413772.0
2018-12-28,NFLX,volume,10987286.0
2018-12-31,AAPL,volume,35003466.0
2018-12-31,AMZN,volume,6954507.0
2018-12-31,FB,volume,24625308.0
2018-12-31,GOOG,volume,1493722.0
2018-12-31,NFLX,volume,13508920.0
